wmt22-ende.comet-svd_mbr,bleu,chrf,bleurt,comet,cometkiwi
eps.4-eps.4.params-bottom_k_sv-None-is_reduced-True-top_k_sv-None,20.234,49.496,54.2,76.1,73.2
eps.4-eps.4.params-bottom_k_sv-None-is_reduced-False-top_k_sv-None,20.234,49.496,54.2,76.1,73.2
eps.4-eps.4.params-bottom_k_sv-0-is_reduced-True-top_k_sv-None,20.234,49.496,54.2,76.1,73.2
eps.4-eps.4.params-bottom_k_sv-0-is_reduced-False-top_k_sv-None,20.234,49.496,54.2,76.1,73.2
eps.4-eps.4.params-bottom_k_sv-1-is_reduced-True-top_k_sv-None,18.87,48.43,52.300000000000004,72.8,70.89999999999999
eps.4-eps.4.params-bottom_k_sv-1-is_reduced-False-top_k_sv-None,18.87,48.43,52.300000000000004,72.8,70.89999999999999
eps.4-eps.4.params-bottom_k_sv-2-is_reduced-True-top_k_sv-None,18.268,47.724,51.4,70.7,68.8
eps.4-eps.4.params-bottom_k_sv-2-is_reduced-False-top_k_sv-None,18.268,47.724,51.4,70.7,68.8
eps.4-eps.4.params-bottom_k_sv-3-is_reduced-True-top_k_sv-None,16.875,46.182,48.3,64.3,63.2
eps.4-eps.4.params-bottom_k_sv-3-is_reduced-False-top_k_sv-None,16.875,46.182,48.3,64.3,63.2
eps.4-eps.4.params-bottom_k_sv-4-is_reduced-True-top_k_sv-None,20.234,49.496,54.2,76.1,73.2
eps.4-eps.4.params-bottom_k_sv-4-is_reduced-False-top_k_sv-None,20.234,49.496,54.2,76.1,73.2
eps.4-eps.4.params-bottom_k_sv-5-is_reduced-True-top_k_sv-None,20.234,49.496,54.2,76.1,73.2
eps.4-eps.4.params-bottom_k_sv-5-is_reduced-False-top_k_sv-None,20.234,49.496,54.2,76.1,73.2
eps.4-eps.4.params-bottom_k_sv-7-is_reduced-True-top_k_sv-None,20.234,49.496,54.2,76.1,73.2
eps.4-eps.4.params-bottom_k_sv-7-is_reduced-False-top_k_sv-None,20.234,49.496,54.2,76.1,73.2
eps.4-eps.4.params-bottom_k_sv-8-is_reduced-True-top_k_sv-None,20.234,49.496,54.2,76.1,73.2
eps.4-eps.4.params-bottom_k_sv-8-is_reduced-False-top_k_sv-None,20.234,49.496,54.2,76.1,73.2
eps.4-eps.4.params-bottom_k_sv-9-is_reduced-True-top_k_sv-None,20.234,49.496,54.2,76.1,73.2
eps.4-eps.4.params-bottom_k_sv-9-is_reduced-False-top_k_sv-None,20.234,49.496,54.2,76.1,73.2
eps.4-eps.4.params-bottom_k_sv-10-is_reduced-True-top_k_sv-None,20.234,49.496,54.2,76.1,73.2
eps.4-eps.4.params-bottom_k_sv-10-is_reduced-False-top_k_sv-None,20.234,49.496,54.2,76.1,73.2
eps.4-eps.4.params-bottom_k_sv-20-is_reduced-True-top_k_sv-None,20.234,49.496,54.2,76.1,73.2
eps.4-eps.4.params-bottom_k_sv-20-is_reduced-False-top_k_sv-None,20.234,49.496,54.2,76.1,73.2
eps.4-eps.4.params-bottom_k_sv-100-is_reduced-True-top_k_sv-None,20.234,49.496,54.2,76.1,73.2
eps.4-eps.4.params-bottom_k_sv-100-is_reduced-False-top_k_sv-None,20.234,49.496,54.2,76.1,73.2
eps.4-eps.4.params-bottom_k_sv-500-is_reduced-True-top_k_sv-None,20.234,49.496,54.2,76.1,73.2
eps.4-eps.4.params-bottom_k_sv-500-is_reduced-False-top_k_sv-None,20.234,49.496,54.2,76.1,73.2
eps.4-eps.4.params-bottom_k_sv-800-is_reduced-True-top_k_sv-None,20.234,49.496,54.2,76.1,73.2
eps.4-eps.4.params-bottom_k_sv-800-is_reduced-False-top_k_sv-None,20.234,49.496,54.2,76.1,73.2
eps.4-eps.4.params-bottom_k_sv-1000-is_reduced-True-top_k_sv-None,20.234,49.496,54.2,76.1,73.2
eps.4-eps.4.params-bottom_k_sv-1000-is_reduced-False-top_k_sv-None,20.234,49.496,54.2,76.1,73.2
eps.4-eps.8.params-bottom_k_sv-None-is_reduced-True-top_k_sv-None,20.237,49.546,54.300000000000004,76.1,73.4
eps.4-eps.8.params-bottom_k_sv-None-is_reduced-False-top_k_sv-None,20.237,49.546,54.300000000000004,76.1,73.4
eps.4-eps.8.params-bottom_k_sv-0-is_reduced-True-top_k_sv-None,20.245,49.55,54.300000000000004,76.1,73.4
eps.4-eps.8.params-bottom_k_sv-0-is_reduced-False-top_k_sv-None,20.245,49.55,54.300000000000004,76.1,73.4
eps.4-eps.8.params-bottom_k_sv-1-is_reduced-True-top_k_sv-None,18.197,47.462,50.6,68.89999999999999,67.80000000000001
eps.4-eps.8.params-bottom_k_sv-1-is_reduced-False-top_k_sv-None,18.586,47.817,50.6,69.19999999999999,68.0
eps.4-eps.8.params-bottom_k_sv-2-is_reduced-True-top_k_sv-None,17.878,47.235,50.3,67.9,66.60000000000001
eps.4-eps.8.params-bottom_k_sv-2-is_reduced-False-top_k_sv-None,18.16,47.458,50.1,68.2,67.10000000000001
eps.4-eps.8.params-bottom_k_sv-3-is_reduced-True-top_k_sv-None,17.413,46.928,49.4,65.9,64.9
eps.4-eps.8.params-bottom_k_sv-3-is_reduced-False-top_k_sv-None,17.743,47.267,50.0,67.5,66.60000000000001
eps.4-eps.8.params-bottom_k_sv-4-is_reduced-True-top_k_sv-None,20.245,49.55,54.300000000000004,76.1,73.4
eps.4-eps.8.params-bottom_k_sv-4-is_reduced-False-top_k_sv-None,18.251,47.404,49.8,67.30000000000001,66.4
eps.4-eps.8.params-bottom_k_sv-5-is_reduced-True-top_k_sv-None,20.245,49.55,54.300000000000004,76.1,73.4
eps.4-eps.8.params-bottom_k_sv-5-is_reduced-False-top_k_sv-None,18.251,47.404,49.8,67.30000000000001,66.4
eps.4-eps.8.params-bottom_k_sv-7-is_reduced-True-top_k_sv-None,20.245,49.55,54.300000000000004,76.1,73.4
eps.4-eps.8.params-bottom_k_sv-7-is_reduced-False-top_k_sv-None,18.251,47.404,49.8,67.30000000000001,66.4
eps.4-eps.8.params-bottom_k_sv-8-is_reduced-True-top_k_sv-None,20.245,49.55,54.300000000000004,76.1,73.4
eps.4-eps.8.params-bottom_k_sv-8-is_reduced-False-top_k_sv-None,18.251,47.404,49.8,67.30000000000001,66.4
eps.4-eps.8.params-bottom_k_sv-9-is_reduced-True-top_k_sv-None,20.245,49.55,54.300000000000004,76.1,73.4
eps.4-eps.8.params-bottom_k_sv-9-is_reduced-False-top_k_sv-None,18.251,47.404,49.8,67.30000000000001,66.4
eps.4-eps.8.params-bottom_k_sv-10-is_reduced-True-top_k_sv-None,20.245,49.55,54.300000000000004,76.1,73.4
eps.4-eps.8.params-bottom_k_sv-10-is_reduced-False-top_k_sv-None,18.251,47.404,49.8,67.30000000000001,66.4
eps.4-eps.8.params-bottom_k_sv-20-is_reduced-True-top_k_sv-None,20.245,49.55,54.300000000000004,76.1,73.4
eps.4-eps.8.params-bottom_k_sv-20-is_reduced-False-top_k_sv-None,18.251,47.404,49.8,67.30000000000001,66.4
eps.4-eps.8.params-bottom_k_sv-100-is_reduced-True-top_k_sv-None,20.245,49.55,54.300000000000004,76.1,73.4
eps.4-eps.8.params-bottom_k_sv-100-is_reduced-False-top_k_sv-None,18.251,47.404,49.8,67.30000000000001,66.4
eps.4-eps.8.params-bottom_k_sv-500-is_reduced-True-top_k_sv-None,20.245,49.55,54.300000000000004,76.1,73.4
eps.4-eps.8.params-bottom_k_sv-500-is_reduced-False-top_k_sv-None,18.251,47.404,49.8,67.30000000000001,66.4
eps.4-eps.8.params-bottom_k_sv-800-is_reduced-True-top_k_sv-None,20.245,49.55,54.300000000000004,76.1,73.4
eps.4-eps.8.params-bottom_k_sv-800-is_reduced-False-top_k_sv-None,18.251,47.404,49.8,67.30000000000001,66.4
eps.4-eps.8.params-bottom_k_sv-1000-is_reduced-True-top_k_sv-None,20.245,49.55,54.300000000000004,76.1,73.4
eps.4-eps.8.params-bottom_k_sv-1000-is_reduced-False-top_k_sv-None,18.251,47.404,49.8,67.30000000000001,66.4
eps.4-eps.16.params-bottom_k_sv-None-is_reduced-True-top_k_sv-None,20.272,49.589,54.2,76.1,73.4
eps.4-eps.16.params-bottom_k_sv-None-is_reduced-False-top_k_sv-None,20.272,49.589,54.2,76.1,73.4
eps.4-eps.16.params-bottom_k_sv-0-is_reduced-True-top_k_sv-None,20.264,49.586,54.2,76.1,73.4
eps.4-eps.16.params-bottom_k_sv-0-is_reduced-False-top_k_sv-None,20.264,49.586,54.2,76.1,73.4
eps.4-eps.16.params-bottom_k_sv-1-is_reduced-True-top_k_sv-None,18.052,47.565,50.6,69.19999999999999,67.9
eps.4-eps.16.params-bottom_k_sv-1-is_reduced-False-top_k_sv-None,18.21,47.596,50.7,69.19999999999999,68.2
eps.4-eps.16.params-bottom_k_sv-2-is_reduced-True-top_k_sv-None,17.68,47.142,50.1,67.7,66.3
eps.4-eps.16.params-bottom_k_sv-2-is_reduced-False-top_k_sv-None,18.054,47.334,50.2,68.30000000000001,67.2
eps.4-eps.16.params-bottom_k_sv-3-is_reduced-True-top_k_sv-None,17.379,46.764,49.3,65.2,64.3
eps.4-eps.16.params-bottom_k_sv-3-is_reduced-False-top_k_sv-None,17.931,47.224,49.7,67.2,66.4
eps.4-eps.16.params-bottom_k_sv-4-is_reduced-True-top_k_sv-None,20.264,49.586,54.2,76.1,73.4
eps.4-eps.16.params-bottom_k_sv-4-is_reduced-False-top_k_sv-None,17.99,47.104,49.4,67.0,66.2
eps.4-eps.16.params-bottom_k_sv-5-is_reduced-True-top_k_sv-None,20.264,49.586,54.2,76.1,73.4
eps.4-eps.16.params-bottom_k_sv-5-is_reduced-False-top_k_sv-None,17.99,47.104,49.4,67.0,66.2
eps.4-eps.16.params-bottom_k_sv-7-is_reduced-True-top_k_sv-None,20.264,49.586,54.2,76.1,73.4
eps.4-eps.16.params-bottom_k_sv-7-is_reduced-False-top_k_sv-None,17.99,47.104,49.4,67.0,66.2
eps.4-eps.16.params-bottom_k_sv-8-is_reduced-True-top_k_sv-None,20.264,49.586,54.2,76.1,73.4
eps.4-eps.16.params-bottom_k_sv-8-is_reduced-False-top_k_sv-None,17.99,47.104,49.4,67.0,66.2
eps.4-eps.16.params-bottom_k_sv-9-is_reduced-True-top_k_sv-None,20.264,49.586,54.2,76.1,73.4
eps.4-eps.16.params-bottom_k_sv-9-is_reduced-False-top_k_sv-None,17.99,47.104,49.4,67.0,66.2
eps.4-eps.16.params-bottom_k_sv-10-is_reduced-True-top_k_sv-None,20.264,49.586,54.2,76.1,73.4
eps.4-eps.16.params-bottom_k_sv-10-is_reduced-False-top_k_sv-None,17.99,47.104,49.4,67.0,66.2
eps.4-eps.16.params-bottom_k_sv-20-is_reduced-True-top_k_sv-None,20.264,49.586,54.2,76.1,73.4
eps.4-eps.16.params-bottom_k_sv-20-is_reduced-False-top_k_sv-None,17.99,47.104,49.4,67.0,66.2
eps.4-eps.16.params-bottom_k_sv-100-is_reduced-True-top_k_sv-None,20.264,49.586,54.2,76.1,73.4
eps.4-eps.16.params-bottom_k_sv-100-is_reduced-False-top_k_sv-None,17.99,47.104,49.4,67.0,66.2
eps.4-eps.16.params-bottom_k_sv-500-is_reduced-True-top_k_sv-None,20.264,49.586,54.2,76.1,73.4
eps.4-eps.16.params-bottom_k_sv-500-is_reduced-False-top_k_sv-None,17.99,47.104,49.4,67.0,66.2
eps.4-eps.16.params-bottom_k_sv-800-is_reduced-True-top_k_sv-None,20.264,49.586,54.2,76.1,73.4
eps.4-eps.16.params-bottom_k_sv-800-is_reduced-False-top_k_sv-None,17.99,47.104,49.4,67.0,66.2
eps.4-eps.16.params-bottom_k_sv-1000-is_reduced-True-top_k_sv-None,20.264,49.586,54.2,76.1,73.4
eps.4-eps.16.params-bottom_k_sv-1000-is_reduced-False-top_k_sv-None,17.99,47.104,49.4,67.0,66.2
eps.4-eps.32.params-bottom_k_sv-None-is_reduced-True-top_k_sv-None,20.303,49.59,54.300000000000004,76.2,73.4
eps.4-eps.32.params-bottom_k_sv-None-is_reduced-False-top_k_sv-None,20.303,49.59,54.300000000000004,76.2,73.4
eps.4-eps.32.params-bottom_k_sv-0-is_reduced-True-top_k_sv-None,20.303,49.59,54.300000000000004,76.2,73.4
eps.4-eps.32.params-bottom_k_sv-0-is_reduced-False-top_k_sv-None,20.303,49.59,54.300000000000004,76.2,73.4
eps.4-eps.32.params-bottom_k_sv-1-is_reduced-True-top_k_sv-None,18.145,47.664,50.8,69.6,67.9
eps.4-eps.32.params-bottom_k_sv-1-is_reduced-False-top_k_sv-None,18.736,47.993,51.1,69.69999999999999,68.2
eps.4-eps.32.params-bottom_k_sv-2-is_reduced-True-top_k_sv-None,17.669,47.061,50.0,67.7,66.2
eps.4-eps.32.params-bottom_k_sv-2-is_reduced-False-top_k_sv-None,18.208,47.511,50.3,68.5,67.5
eps.4-eps.32.params-bottom_k_sv-3-is_reduced-True-top_k_sv-None,16.995,46.415,49.0,64.8,63.9
eps.4-eps.32.params-bottom_k_sv-3-is_reduced-False-top_k_sv-None,18.19,47.176,49.8,67.4,66.5
eps.4-eps.32.params-bottom_k_sv-4-is_reduced-True-top_k_sv-None,20.303,49.59,54.300000000000004,76.2,73.4
eps.4-eps.32.params-bottom_k_sv-4-is_reduced-False-top_k_sv-None,17.903,47.05,49.7,66.9,66.10000000000001
eps.4-eps.32.params-bottom_k_sv-5-is_reduced-True-top_k_sv-None,20.303,49.59,54.300000000000004,76.2,73.4
eps.4-eps.32.params-bottom_k_sv-5-is_reduced-False-top_k_sv-None,17.903,47.05,49.7,66.9,66.10000000000001
eps.4-eps.32.params-bottom_k_sv-7-is_reduced-True-top_k_sv-None,20.303,49.59,54.300000000000004,76.2,73.4
eps.4-eps.32.params-bottom_k_sv-7-is_reduced-False-top_k_sv-None,17.903,47.05,49.7,66.9,66.10000000000001
eps.4-eps.32.params-bottom_k_sv-8-is_reduced-True-top_k_sv-None,20.303,49.59,54.300000000000004,76.2,73.4
eps.4-eps.32.params-bottom_k_sv-8-is_reduced-False-top_k_sv-None,17.903,47.05,49.7,66.9,66.10000000000001
eps.4-eps.32.params-bottom_k_sv-9-is_reduced-True-top_k_sv-None,20.303,49.59,54.300000000000004,76.2,73.4
eps.4-eps.32.params-bottom_k_sv-9-is_reduced-False-top_k_sv-None,17.903,47.05,49.7,66.9,66.10000000000001
eps.4-eps.32.params-bottom_k_sv-10-is_reduced-True-top_k_sv-None,20.303,49.59,54.300000000000004,76.2,73.4
eps.4-eps.32.params-bottom_k_sv-10-is_reduced-False-top_k_sv-None,17.903,47.05,49.7,66.9,66.10000000000001
eps.4-eps.32.params-bottom_k_sv-20-is_reduced-True-top_k_sv-None,20.303,49.59,54.300000000000004,76.2,73.4
eps.4-eps.32.params-bottom_k_sv-20-is_reduced-False-top_k_sv-None,17.903,47.05,49.7,66.9,66.10000000000001
eps.4-eps.32.params-bottom_k_sv-100-is_reduced-True-top_k_sv-None,20.303,49.59,54.300000000000004,76.2,73.4
eps.4-eps.32.params-bottom_k_sv-100-is_reduced-False-top_k_sv-None,17.903,47.05,49.7,66.9,66.10000000000001
eps.4-eps.32.params-bottom_k_sv-500-is_reduced-True-top_k_sv-None,20.303,49.59,54.300000000000004,76.2,73.4
eps.4-eps.32.params-bottom_k_sv-500-is_reduced-False-top_k_sv-None,17.903,47.05,49.7,66.9,66.10000000000001
eps.4-eps.32.params-bottom_k_sv-800-is_reduced-True-top_k_sv-None,20.303,49.59,54.300000000000004,76.2,73.4
eps.4-eps.32.params-bottom_k_sv-800-is_reduced-False-top_k_sv-None,17.903,47.05,49.7,66.9,66.10000000000001
eps.4-eps.32.params-bottom_k_sv-1000-is_reduced-True-top_k_sv-None,20.303,49.59,54.300000000000004,76.2,73.4
eps.4-eps.32.params-bottom_k_sv-1000-is_reduced-False-top_k_sv-None,17.903,47.05,49.7,66.9,66.10000000000001
eps.4-eps.64.params-bottom_k_sv-None-is_reduced-True-top_k_sv-None,20.305,49.627,54.300000000000004,76.2,73.4
eps.4-eps.64.params-bottom_k_sv-None-is_reduced-False-top_k_sv-None,20.305,49.627,54.300000000000004,76.2,73.4
eps.4-eps.64.params-bottom_k_sv-0-is_reduced-True-top_k_sv-None,20.305,49.627,54.300000000000004,76.2,73.4
eps.4-eps.64.params-bottom_k_sv-0-is_reduced-False-top_k_sv-None,20.305,49.627,54.300000000000004,76.2,73.4
eps.4-eps.64.params-bottom_k_sv-1-is_reduced-True-top_k_sv-None,18.346,47.568,51.0,69.5,68.0
eps.4-eps.64.params-bottom_k_sv-1-is_reduced-False-top_k_sv-None,18.472,47.797,51.0,69.5,68.30000000000001
eps.4-eps.64.params-bottom_k_sv-2-is_reduced-True-top_k_sv-None,17.636,46.941,49.9,67.7,66.10000000000001
eps.4-eps.64.params-bottom_k_sv-2-is_reduced-False-top_k_sv-None,18.284,47.549,50.4,68.5,67.5
eps.4-eps.64.params-bottom_k_sv-3-is_reduced-True-top_k_sv-None,17.16,46.512,49.1,64.5,63.6
eps.4-eps.64.params-bottom_k_sv-3-is_reduced-False-top_k_sv-None,17.892,47.26,49.8,67.10000000000001,66.3
eps.4-eps.64.params-bottom_k_sv-4-is_reduced-True-top_k_sv-None,20.305,49.627,54.300000000000004,76.2,73.4
eps.4-eps.64.params-bottom_k_sv-4-is_reduced-False-top_k_sv-None,17.662,47.096,49.7,67.10000000000001,66.4
eps.4-eps.64.params-bottom_k_sv-5-is_reduced-True-top_k_sv-None,20.305,49.627,54.300000000000004,76.2,73.4
eps.4-eps.64.params-bottom_k_sv-5-is_reduced-False-top_k_sv-None,17.662,47.096,49.7,67.10000000000001,66.4
eps.4-eps.64.params-bottom_k_sv-7-is_reduced-True-top_k_sv-None,20.305,49.627,54.300000000000004,76.2,73.4
eps.4-eps.64.params-bottom_k_sv-7-is_reduced-False-top_k_sv-None,17.662,47.096,49.7,67.10000000000001,66.4
eps.4-eps.64.params-bottom_k_sv-8-is_reduced-True-top_k_sv-None,20.305,49.627,54.300000000000004,76.2,73.4
eps.4-eps.64.params-bottom_k_sv-8-is_reduced-False-top_k_sv-None,17.662,47.096,49.7,67.10000000000001,66.4
eps.4-eps.64.params-bottom_k_sv-9-is_reduced-True-top_k_sv-None,20.305,49.627,54.300000000000004,76.2,73.4
eps.4-eps.64.params-bottom_k_sv-9-is_reduced-False-top_k_sv-None,17.662,47.096,49.7,67.10000000000001,66.4
eps.4-eps.64.params-bottom_k_sv-10-is_reduced-True-top_k_sv-None,20.305,49.627,54.300000000000004,76.2,73.4
eps.4-eps.64.params-bottom_k_sv-10-is_reduced-False-top_k_sv-None,17.662,47.096,49.7,67.10000000000001,66.4
eps.4-eps.64.params-bottom_k_sv-20-is_reduced-True-top_k_sv-None,20.305,49.627,54.300000000000004,76.2,73.4
eps.4-eps.64.params-bottom_k_sv-20-is_reduced-False-top_k_sv-None,17.662,47.096,49.7,67.10000000000001,66.4
eps.4-eps.64.params-bottom_k_sv-100-is_reduced-True-top_k_sv-None,20.305,49.627,54.300000000000004,76.2,73.4
eps.4-eps.64.params-bottom_k_sv-100-is_reduced-False-top_k_sv-None,17.662,47.096,49.7,67.10000000000001,66.4
eps.4-eps.64.params-bottom_k_sv-500-is_reduced-True-top_k_sv-None,20.305,49.627,54.300000000000004,76.2,73.4
eps.4-eps.64.params-bottom_k_sv-500-is_reduced-False-top_k_sv-None,17.662,47.096,49.7,67.10000000000001,66.4
eps.4-eps.64.params-bottom_k_sv-800-is_reduced-True-top_k_sv-None,20.305,49.627,54.300000000000004,76.2,73.4
eps.4-eps.64.params-bottom_k_sv-800-is_reduced-False-top_k_sv-None,17.662,47.096,49.7,67.10000000000001,66.4
eps.4-eps.64.params-bottom_k_sv-1000-is_reduced-True-top_k_sv-None,20.305,49.627,54.300000000000004,76.2,73.4
eps.4-eps.64.params-bottom_k_sv-1000-is_reduced-False-top_k_sv-None,17.662,47.096,49.7,67.10000000000001,66.4
eps.4-eps.1024.params-bottom_k_sv-None-is_reduced-True-top_k_sv-None,20.338,49.614,54.400000000000006,76.2,73.4
eps.4-eps.1024.params-bottom_k_sv-None-is_reduced-False-top_k_sv-None,20.338,49.614,54.400000000000006,76.2,73.4
eps.4-eps.1024.params-bottom_k_sv-0-is_reduced-True-top_k_sv-None,20.338,49.614,54.400000000000006,76.2,73.4
eps.4-eps.1024.params-bottom_k_sv-0-is_reduced-False-top_k_sv-None,20.338,49.614,54.400000000000006,76.2,73.4
eps.4-eps.1024.params-bottom_k_sv-1-is_reduced-True-top_k_sv-None,18.249,47.748,51.0,69.6,68.0
eps.4-eps.1024.params-bottom_k_sv-1-is_reduced-False-top_k_sv-None,18.239,47.879,51.0,69.5,68.10000000000001
eps.4-eps.1024.params-bottom_k_sv-2-is_reduced-True-top_k_sv-None,17.675,47.031,50.0,67.80000000000001,66.10000000000001
eps.4-eps.1024.params-bottom_k_sv-2-is_reduced-False-top_k_sv-None,18.272,47.525,50.5,68.8,67.5
eps.4-eps.1024.params-bottom_k_sv-3-is_reduced-True-top_k_sv-None,17.001,46.375,48.8,64.3,63.5
eps.4-eps.1024.params-bottom_k_sv-3-is_reduced-False-top_k_sv-None,18.015,47.212,49.9,67.5,66.4
eps.4-eps.1024.params-bottom_k_sv-4-is_reduced-True-top_k_sv-None,20.338,49.614,54.400000000000006,76.2,73.4
eps.4-eps.1024.params-bottom_k_sv-4-is_reduced-False-top_k_sv-None,18.175,47.375,50.1,67.4,66.5
eps.4-eps.1024.params-bottom_k_sv-5-is_reduced-True-top_k_sv-None,20.338,49.614,54.400000000000006,76.2,73.4
eps.4-eps.1024.params-bottom_k_sv-5-is_reduced-False-top_k_sv-None,18.175,47.375,50.1,67.4,66.5
eps.4-eps.1024.params-bottom_k_sv-7-is_reduced-True-top_k_sv-None,20.338,49.614,54.400000000000006,76.2,73.4
eps.4-eps.1024.params-bottom_k_sv-7-is_reduced-False-top_k_sv-None,18.175,47.375,50.1,67.4,66.5
eps.4-eps.1024.params-bottom_k_sv-8-is_reduced-True-top_k_sv-None,20.338,49.614,54.400000000000006,76.2,73.4
eps.4-eps.1024.params-bottom_k_sv-8-is_reduced-False-top_k_sv-None,18.175,47.375,50.1,67.4,66.5
eps.4-eps.1024.params-bottom_k_sv-9-is_reduced-True-top_k_sv-None,20.338,49.614,54.400000000000006,76.2,73.4
eps.4-eps.1024.params-bottom_k_sv-9-is_reduced-False-top_k_sv-None,18.175,47.375,50.1,67.4,66.5
eps.4-eps.1024.params-bottom_k_sv-10-is_reduced-True-top_k_sv-None,20.338,49.614,54.400000000000006,76.2,73.4
eps.4-eps.1024.params-bottom_k_sv-10-is_reduced-False-top_k_sv-None,18.175,47.375,50.1,67.4,66.5
eps.4-eps.1024.params-bottom_k_sv-20-is_reduced-True-top_k_sv-None,20.338,49.614,54.400000000000006,76.2,73.4
eps.4-eps.1024.params-bottom_k_sv-20-is_reduced-False-top_k_sv-None,18.175,47.375,50.1,67.4,66.5
eps.4-eps.1024.params-bottom_k_sv-100-is_reduced-True-top_k_sv-None,20.338,49.614,54.400000000000006,76.2,73.4
eps.4-eps.1024.params-bottom_k_sv-100-is_reduced-False-top_k_sv-None,18.175,47.375,50.1,67.4,66.5
eps.4-eps.1024.params-bottom_k_sv-500-is_reduced-True-top_k_sv-None,20.338,49.614,54.400000000000006,76.2,73.4
eps.4-eps.1024.params-bottom_k_sv-500-is_reduced-False-top_k_sv-None,18.175,47.375,50.1,67.4,66.5
eps.4-eps.1024.params-bottom_k_sv-800-is_reduced-True-top_k_sv-None,20.338,49.614,54.400000000000006,76.2,73.4
eps.4-eps.1024.params-bottom_k_sv-800-is_reduced-False-top_k_sv-None,18.175,47.375,50.1,67.4,66.5
eps.4-eps.1024.params-bottom_k_sv-1000-is_reduced-True-top_k_sv-None,20.338,49.614,54.400000000000006,76.2,73.4
eps.4-eps.1024.params-bottom_k_sv-1000-is_reduced-False-top_k_sv-None,18.175,47.375,50.1,67.4,66.5
eps.8-eps.4.params-bottom_k_sv-None-is_reduced-True-top_k_sv-None,21.135,50.226,55.1,77.9,75.1
eps.8-eps.4.params-bottom_k_sv-None-is_reduced-False-top_k_sv-None,21.135,50.226,55.1,77.9,75.1
eps.8-eps.4.params-bottom_k_sv-0-is_reduced-True-top_k_sv-None,21.164,50.243,55.1,77.9,75.1
eps.8-eps.4.params-bottom_k_sv-0-is_reduced-False-top_k_sv-None,21.164,50.243,55.1,77.9,75.1
eps.8-eps.4.params-bottom_k_sv-1-is_reduced-True-top_k_sv-None,18.032,47.278,50.4,67.80000000000001,66.7
eps.8-eps.4.params-bottom_k_sv-1-is_reduced-False-top_k_sv-None,18.612,47.837,50.7,68.8,67.7
eps.8-eps.4.params-bottom_k_sv-2-is_reduced-True-top_k_sv-None,17.593,46.927,49.7,66.60000000000001,65.4
eps.8-eps.4.params-bottom_k_sv-2-is_reduced-False-top_k_sv-None,18.395,47.774,51.0,68.8,67.60000000000001
eps.8-eps.4.params-bottom_k_sv-3-is_reduced-True-top_k_sv-None,17.309,46.386,48.8,64.4,63.6
eps.8-eps.4.params-bottom_k_sv-3-is_reduced-False-top_k_sv-None,18.727,47.657,50.7,68.7,67.5
eps.8-eps.4.params-bottom_k_sv-4-is_reduced-True-top_k_sv-None,21.164,50.243,55.1,77.9,75.1
eps.8-eps.4.params-bottom_k_sv-4-is_reduced-False-top_k_sv-None,18.445,47.773,50.8,68.5,67.4
eps.8-eps.4.params-bottom_k_sv-5-is_reduced-True-top_k_sv-None,21.164,50.243,55.1,77.9,75.1
eps.8-eps.4.params-bottom_k_sv-5-is_reduced-False-top_k_sv-None,18.445,47.773,50.8,68.5,67.4
eps.8-eps.4.params-bottom_k_sv-7-is_reduced-True-top_k_sv-None,21.164,50.243,55.1,77.9,75.1
eps.8-eps.4.params-bottom_k_sv-7-is_reduced-False-top_k_sv-None,18.445,47.773,50.8,68.5,67.4
eps.8-eps.4.params-bottom_k_sv-8-is_reduced-True-top_k_sv-None,21.164,50.243,55.1,77.9,75.1
eps.8-eps.4.params-bottom_k_sv-8-is_reduced-False-top_k_sv-None,18.445,47.773,50.8,68.5,67.4
eps.8-eps.4.params-bottom_k_sv-9-is_reduced-True-top_k_sv-None,21.164,50.243,55.1,77.9,75.1
eps.8-eps.4.params-bottom_k_sv-9-is_reduced-False-top_k_sv-None,18.445,47.773,50.8,68.5,67.4
eps.8-eps.4.params-bottom_k_sv-10-is_reduced-True-top_k_sv-None,21.164,50.243,55.1,77.9,75.1
eps.8-eps.4.params-bottom_k_sv-10-is_reduced-False-top_k_sv-None,18.445,47.773,50.8,68.5,67.4
eps.8-eps.4.params-bottom_k_sv-20-is_reduced-True-top_k_sv-None,21.164,50.243,55.1,77.9,75.1
eps.8-eps.4.params-bottom_k_sv-20-is_reduced-False-top_k_sv-None,18.445,47.773,50.8,68.5,67.4
eps.8-eps.4.params-bottom_k_sv-100-is_reduced-True-top_k_sv-None,21.164,50.243,55.1,77.9,75.1
eps.8-eps.4.params-bottom_k_sv-100-is_reduced-False-top_k_sv-None,18.445,47.773,50.8,68.5,67.4
eps.8-eps.4.params-bottom_k_sv-500-is_reduced-True-top_k_sv-None,21.164,50.243,55.1,77.9,75.1
eps.8-eps.4.params-bottom_k_sv-500-is_reduced-False-top_k_sv-None,18.445,47.773,50.8,68.5,67.4
eps.8-eps.4.params-bottom_k_sv-800-is_reduced-True-top_k_sv-None,21.164,50.243,55.1,77.9,75.1
eps.8-eps.4.params-bottom_k_sv-800-is_reduced-False-top_k_sv-None,18.445,47.773,50.8,68.5,67.4
eps.8-eps.4.params-bottom_k_sv-1000-is_reduced-True-top_k_sv-None,21.164,50.243,55.1,77.9,75.1
eps.8-eps.4.params-bottom_k_sv-1000-is_reduced-False-top_k_sv-None,18.445,47.773,50.8,68.5,67.4
eps.8-eps.8.params-bottom_k_sv-None-is_reduced-True-top_k_sv-None,21.055,50.125,55.400000000000006,78.10000000000001,75.2
eps.8-eps.8.params-bottom_k_sv-None-is_reduced-False-top_k_sv-None,21.055,50.125,55.400000000000006,78.10000000000001,75.2
eps.8-eps.8.params-bottom_k_sv-0-is_reduced-True-top_k_sv-None,21.061,50.123,55.400000000000006,78.10000000000001,75.1
eps.8-eps.8.params-bottom_k_sv-0-is_reduced-False-top_k_sv-None,21.061,50.123,55.400000000000006,78.10000000000001,75.1
eps.8-eps.8.params-bottom_k_sv-1-is_reduced-True-top_k_sv-None,20.352,49.448,53.6,74.7,72.8
eps.8-eps.8.params-bottom_k_sv-1-is_reduced-False-top_k_sv-None,20.352,49.448,53.6,74.7,72.8
eps.8-eps.8.params-bottom_k_sv-2-is_reduced-True-top_k_sv-None,19.676,48.932,52.900000000000006,73.5,71.7
eps.8-eps.8.params-bottom_k_sv-2-is_reduced-False-top_k_sv-None,19.676,48.932,52.900000000000006,73.5,71.7
eps.8-eps.8.params-bottom_k_sv-3-is_reduced-True-top_k_sv-None,19.071,48.302,52.0,72.1,70.19999999999999
eps.8-eps.8.params-bottom_k_sv-3-is_reduced-False-top_k_sv-None,19.071,48.302,52.0,72.1,70.19999999999999
eps.8-eps.8.params-bottom_k_sv-4-is_reduced-True-top_k_sv-None,18.325,47.709,51.2,70.39999999999999,68.5
eps.8-eps.8.params-bottom_k_sv-4-is_reduced-False-top_k_sv-None,18.325,47.709,51.2,70.39999999999999,68.5
eps.8-eps.8.params-bottom_k_sv-5-is_reduced-True-top_k_sv-None,17.623,47.114,50.3,68.5,66.9
eps.8-eps.8.params-bottom_k_sv-5-is_reduced-False-top_k_sv-None,17.623,47.114,50.3,68.5,66.9
eps.8-eps.8.params-bottom_k_sv-7-is_reduced-True-top_k_sv-None,15.647,44.613,46.1,59.0,58.599999999999994
eps.8-eps.8.params-bottom_k_sv-7-is_reduced-False-top_k_sv-None,15.647,44.613,46.1,59.0,58.599999999999994
eps.8-eps.8.params-bottom_k_sv-8-is_reduced-True-top_k_sv-None,21.061,50.123,55.400000000000006,78.10000000000001,75.1
eps.8-eps.8.params-bottom_k_sv-8-is_reduced-False-top_k_sv-None,21.061,50.123,55.400000000000006,78.10000000000001,75.1
eps.8-eps.8.params-bottom_k_sv-9-is_reduced-True-top_k_sv-None,21.061,50.123,55.400000000000006,78.10000000000001,75.1
eps.8-eps.8.params-bottom_k_sv-9-is_reduced-False-top_k_sv-None,21.061,50.123,55.400000000000006,78.10000000000001,75.1
eps.8-eps.8.params-bottom_k_sv-10-is_reduced-True-top_k_sv-None,21.061,50.123,55.400000000000006,78.10000000000001,75.1
eps.8-eps.8.params-bottom_k_sv-10-is_reduced-False-top_k_sv-None,21.061,50.123,55.400000000000006,78.10000000000001,75.1
eps.8-eps.8.params-bottom_k_sv-20-is_reduced-True-top_k_sv-None,21.061,50.123,55.400000000000006,78.10000000000001,75.1
eps.8-eps.8.params-bottom_k_sv-20-is_reduced-False-top_k_sv-None,21.061,50.123,55.400000000000006,78.10000000000001,75.1
eps.8-eps.8.params-bottom_k_sv-100-is_reduced-True-top_k_sv-None,21.061,50.123,55.400000000000006,78.10000000000001,75.1
eps.8-eps.8.params-bottom_k_sv-100-is_reduced-False-top_k_sv-None,21.061,50.123,55.400000000000006,78.10000000000001,75.1
eps.8-eps.8.params-bottom_k_sv-500-is_reduced-True-top_k_sv-None,21.061,50.123,55.400000000000006,78.10000000000001,75.1
eps.8-eps.8.params-bottom_k_sv-500-is_reduced-False-top_k_sv-None,21.061,50.123,55.400000000000006,78.10000000000001,75.1
eps.8-eps.8.params-bottom_k_sv-800-is_reduced-True-top_k_sv-None,21.061,50.123,55.400000000000006,78.10000000000001,75.1
eps.8-eps.8.params-bottom_k_sv-800-is_reduced-False-top_k_sv-None,21.061,50.123,55.400000000000006,78.10000000000001,75.1
eps.8-eps.8.params-bottom_k_sv-1000-is_reduced-True-top_k_sv-None,21.061,50.123,55.400000000000006,78.10000000000001,75.1
eps.8-eps.8.params-bottom_k_sv-1000-is_reduced-False-top_k_sv-None,21.061,50.123,55.400000000000006,78.10000000000001,75.1
eps.8-eps.16.params-bottom_k_sv-None-is_reduced-True-top_k_sv-None,21.127,50.246,55.400000000000006,78.10000000000001,75.3
eps.8-eps.16.params-bottom_k_sv-None-is_reduced-False-top_k_sv-None,21.127,50.246,55.400000000000006,78.10000000000001,75.3
eps.8-eps.16.params-bottom_k_sv-0-is_reduced-True-top_k_sv-None,21.129,50.245,55.400000000000006,78.10000000000001,75.3
eps.8-eps.16.params-bottom_k_sv-0-is_reduced-False-top_k_sv-None,21.129,50.245,55.400000000000006,78.10000000000001,75.3
eps.8-eps.16.params-bottom_k_sv-1-is_reduced-True-top_k_sv-None,19.482,48.505,51.7,70.5,69.0
eps.8-eps.16.params-bottom_k_sv-1-is_reduced-False-top_k_sv-None,19.913,48.696,51.7,70.6,69.1
eps.8-eps.16.params-bottom_k_sv-2-is_reduced-True-top_k_sv-None,18.813,47.94,51.300000000000004,69.8,68.2
eps.8-eps.16.params-bottom_k_sv-2-is_reduced-False-top_k_sv-None,19.074,47.961,51.300000000000004,69.6,68.30000000000001
eps.8-eps.16.params-bottom_k_sv-3-is_reduced-True-top_k_sv-None,18.433,47.865,50.9,69.39999999999999,67.7
eps.8-eps.16.params-bottom_k_sv-3-is_reduced-False-top_k_sv-None,18.512,47.687,50.7,69.19999999999999,68.0
eps.8-eps.16.params-bottom_k_sv-4-is_reduced-True-top_k_sv-None,17.889,47.293,50.4,68.4,66.8
eps.8-eps.16.params-bottom_k_sv-4-is_reduced-False-top_k_sv-None,18.591,47.696,50.6,68.5,67.4
eps.8-eps.16.params-bottom_k_sv-5-is_reduced-True-top_k_sv-None,17.784,47.008,49.8,66.8,65.4
eps.8-eps.16.params-bottom_k_sv-5-is_reduced-False-top_k_sv-None,18.003,47.365,50.1,67.7,66.9
eps.8-eps.16.params-bottom_k_sv-7-is_reduced-True-top_k_sv-None,16.817,45.916,48.0,62.6,61.9
eps.8-eps.16.params-bottom_k_sv-7-is_reduced-False-top_k_sv-None,17.894,47.035,49.5,66.7,65.9
eps.8-eps.16.params-bottom_k_sv-8-is_reduced-True-top_k_sv-None,21.129,50.245,55.400000000000006,78.10000000000001,75.3
eps.8-eps.16.params-bottom_k_sv-8-is_reduced-False-top_k_sv-None,17.994,46.911,49.6,66.4,65.9
eps.8-eps.16.params-bottom_k_sv-9-is_reduced-True-top_k_sv-None,21.129,50.245,55.400000000000006,78.10000000000001,75.3
eps.8-eps.16.params-bottom_k_sv-9-is_reduced-False-top_k_sv-None,17.994,46.911,49.6,66.4,65.9
eps.8-eps.16.params-bottom_k_sv-10-is_reduced-True-top_k_sv-None,21.129,50.245,55.400000000000006,78.10000000000001,75.3
eps.8-eps.16.params-bottom_k_sv-10-is_reduced-False-top_k_sv-None,17.994,46.911,49.6,66.4,65.9
eps.8-eps.16.params-bottom_k_sv-20-is_reduced-True-top_k_sv-None,21.129,50.245,55.400000000000006,78.10000000000001,75.3
eps.8-eps.16.params-bottom_k_sv-20-is_reduced-False-top_k_sv-None,17.994,46.911,49.6,66.4,65.9
eps.8-eps.16.params-bottom_k_sv-100-is_reduced-True-top_k_sv-None,21.129,50.245,55.400000000000006,78.10000000000001,75.3
eps.8-eps.16.params-bottom_k_sv-100-is_reduced-False-top_k_sv-None,17.994,46.911,49.6,66.4,65.9
eps.8-eps.16.params-bottom_k_sv-500-is_reduced-True-top_k_sv-None,21.129,50.245,55.400000000000006,78.10000000000001,75.3
eps.8-eps.16.params-bottom_k_sv-500-is_reduced-False-top_k_sv-None,17.994,46.911,49.6,66.4,65.9
eps.8-eps.16.params-bottom_k_sv-800-is_reduced-True-top_k_sv-None,21.129,50.245,55.400000000000006,78.10000000000001,75.3
eps.8-eps.16.params-bottom_k_sv-800-is_reduced-False-top_k_sv-None,17.994,46.911,49.6,66.4,65.9
eps.8-eps.16.params-bottom_k_sv-1000-is_reduced-True-top_k_sv-None,21.129,50.245,55.400000000000006,78.10000000000001,75.3
eps.8-eps.16.params-bottom_k_sv-1000-is_reduced-False-top_k_sv-None,17.994,46.911,49.6,66.4,65.9
eps.8-eps.32.params-bottom_k_sv-None-is_reduced-True-top_k_sv-None,21.148,50.243,55.400000000000006,78.10000000000001,75.3
eps.8-eps.32.params-bottom_k_sv-None-is_reduced-False-top_k_sv-None,21.148,50.243,55.400000000000006,78.10000000000001,75.3
eps.8-eps.32.params-bottom_k_sv-0-is_reduced-True-top_k_sv-None,21.148,50.243,55.400000000000006,78.10000000000001,75.3
eps.8-eps.32.params-bottom_k_sv-0-is_reduced-False-top_k_sv-None,21.15,50.245,55.400000000000006,78.10000000000001,75.3
eps.8-eps.32.params-bottom_k_sv-1-is_reduced-True-top_k_sv-None,19.558,48.662,52.0,71.2,69.6
eps.8-eps.32.params-bottom_k_sv-1-is_reduced-False-top_k_sv-None,19.494,48.775,52.1,71.3,69.69999999999999
eps.8-eps.32.params-bottom_k_sv-2-is_reduced-True-top_k_sv-None,19.215,48.236,51.4,70.5,68.7
eps.8-eps.32.params-bottom_k_sv-2-is_reduced-False-top_k_sv-None,19.562,48.715,51.7,70.19999999999999,68.7
eps.8-eps.32.params-bottom_k_sv-3-is_reduced-True-top_k_sv-None,18.436,47.824,51.0,69.6,67.7
eps.8-eps.32.params-bottom_k_sv-3-is_reduced-False-top_k_sv-None,18.708,48.148,51.2,69.6,68.2
eps.8-eps.32.params-bottom_k_sv-4-is_reduced-True-top_k_sv-None,17.789,47.189,50.2,68.0,66.4
eps.8-eps.32.params-bottom_k_sv-4-is_reduced-False-top_k_sv-None,18.376,47.839,50.6,68.60000000000001,67.5
eps.8-eps.32.params-bottom_k_sv-5-is_reduced-True-top_k_sv-None,17.414,46.716,49.4,66.4,64.9
eps.8-eps.32.params-bottom_k_sv-5-is_reduced-False-top_k_sv-None,17.995,47.549,50.5,68.2,66.9
eps.8-eps.32.params-bottom_k_sv-7-is_reduced-True-top_k_sv-None,16.69,45.683,47.699999999999996,61.9,61.4
eps.8-eps.32.params-bottom_k_sv-7-is_reduced-False-top_k_sv-None,17.678,46.919,49.6,66.5,65.9
eps.8-eps.32.params-bottom_k_sv-8-is_reduced-True-top_k_sv-None,21.148,50.243,55.400000000000006,78.10000000000001,75.3
eps.8-eps.32.params-bottom_k_sv-8-is_reduced-False-top_k_sv-None,18.171,47.065,49.4,66.0,65.5
eps.8-eps.32.params-bottom_k_sv-9-is_reduced-True-top_k_sv-None,21.148,50.243,55.400000000000006,78.10000000000001,75.3
eps.8-eps.32.params-bottom_k_sv-9-is_reduced-False-top_k_sv-None,18.171,47.065,49.4,66.0,65.5
eps.8-eps.32.params-bottom_k_sv-10-is_reduced-True-top_k_sv-None,21.148,50.243,55.400000000000006,78.10000000000001,75.3
eps.8-eps.32.params-bottom_k_sv-10-is_reduced-False-top_k_sv-None,18.171,47.065,49.4,66.0,65.5
eps.8-eps.32.params-bottom_k_sv-20-is_reduced-True-top_k_sv-None,21.148,50.243,55.400000000000006,78.10000000000001,75.3
eps.8-eps.32.params-bottom_k_sv-20-is_reduced-False-top_k_sv-None,18.171,47.065,49.4,66.0,65.5
eps.8-eps.32.params-bottom_k_sv-100-is_reduced-True-top_k_sv-None,21.148,50.243,55.400000000000006,78.10000000000001,75.3
eps.8-eps.32.params-bottom_k_sv-100-is_reduced-False-top_k_sv-None,18.171,47.065,49.4,66.0,65.5
eps.8-eps.32.params-bottom_k_sv-500-is_reduced-True-top_k_sv-None,21.148,50.243,55.400000000000006,78.10000000000001,75.3
eps.8-eps.32.params-bottom_k_sv-500-is_reduced-False-top_k_sv-None,18.171,47.065,49.4,66.0,65.5
eps.8-eps.32.params-bottom_k_sv-800-is_reduced-True-top_k_sv-None,21.148,50.243,55.400000000000006,78.10000000000001,75.3
eps.8-eps.32.params-bottom_k_sv-800-is_reduced-False-top_k_sv-None,18.171,47.065,49.4,66.0,65.5
eps.8-eps.32.params-bottom_k_sv-1000-is_reduced-True-top_k_sv-None,21.148,50.243,55.400000000000006,78.10000000000001,75.3
eps.8-eps.32.params-bottom_k_sv-1000-is_reduced-False-top_k_sv-None,18.171,47.065,49.4,66.0,65.5
eps.8-eps.64.params-bottom_k_sv-None-is_reduced-True-top_k_sv-None,21.138,50.202,55.400000000000006,78.2,75.2
eps.8-eps.64.params-bottom_k_sv-None-is_reduced-False-top_k_sv-None,21.138,50.202,55.400000000000006,78.2,75.2
eps.8-eps.64.params-bottom_k_sv-0-is_reduced-True-top_k_sv-None,21.138,50.202,55.400000000000006,78.2,75.2
eps.8-eps.64.params-bottom_k_sv-0-is_reduced-False-top_k_sv-None,21.138,50.202,55.400000000000006,78.2,75.2
eps.8-eps.64.params-bottom_k_sv-1-is_reduced-True-top_k_sv-None,19.384,48.567,52.0,71.5,69.89999999999999
eps.8-eps.64.params-bottom_k_sv-1-is_reduced-False-top_k_sv-None,19.839,48.721,52.1,71.39999999999999,69.89999999999999
eps.8-eps.64.params-bottom_k_sv-2-is_reduced-True-top_k_sv-None,18.96,48.235,51.6,70.6,68.89999999999999
eps.8-eps.64.params-bottom_k_sv-2-is_reduced-False-top_k_sv-None,19.185,48.301,51.800000000000004,70.39999999999999,68.8
eps.8-eps.64.params-bottom_k_sv-3-is_reduced-True-top_k_sv-None,18.394,47.701,51.1,69.3,67.80000000000001
eps.8-eps.64.params-bottom_k_sv-3-is_reduced-False-top_k_sv-None,18.707,47.909,51.2,69.39999999999999,68.0
eps.8-eps.64.params-bottom_k_sv-4-is_reduced-True-top_k_sv-None,17.903,47.037,50.0,68.0,66.5
eps.8-eps.64.params-bottom_k_sv-4-is_reduced-False-top_k_sv-None,18.198,47.478,50.6,68.4,67.2
eps.8-eps.64.params-bottom_k_sv-5-is_reduced-True-top_k_sv-None,17.169,46.597,49.5,66.60000000000001,65.2
eps.8-eps.64.params-bottom_k_sv-5-is_reduced-False-top_k_sv-None,17.87,47.189,50.2,67.80000000000001,66.60000000000001
eps.8-eps.64.params-bottom_k_sv-7-is_reduced-True-top_k_sv-None,16.657,45.495,47.5,61.199999999999996,60.699999999999996
eps.8-eps.64.params-bottom_k_sv-7-is_reduced-False-top_k_sv-None,17.92,47.136,49.5,66.7,65.7
eps.8-eps.64.params-bottom_k_sv-8-is_reduced-True-top_k_sv-None,21.138,50.202,55.400000000000006,78.2,75.2
eps.8-eps.64.params-bottom_k_sv-8-is_reduced-False-top_k_sv-None,17.808,47.014,49.2,65.8,65.2
eps.8-eps.64.params-bottom_k_sv-9-is_reduced-True-top_k_sv-None,21.138,50.202,55.400000000000006,78.2,75.2
eps.8-eps.64.params-bottom_k_sv-9-is_reduced-False-top_k_sv-None,17.808,47.014,49.2,65.8,65.2
eps.8-eps.64.params-bottom_k_sv-10-is_reduced-True-top_k_sv-None,21.138,50.202,55.400000000000006,78.2,75.2
eps.8-eps.64.params-bottom_k_sv-10-is_reduced-False-top_k_sv-None,17.808,47.014,49.2,65.8,65.2
eps.8-eps.64.params-bottom_k_sv-20-is_reduced-True-top_k_sv-None,21.138,50.202,55.400000000000006,78.2,75.2
eps.8-eps.64.params-bottom_k_sv-20-is_reduced-False-top_k_sv-None,17.808,47.014,49.2,65.8,65.2
eps.8-eps.64.params-bottom_k_sv-100-is_reduced-True-top_k_sv-None,21.138,50.202,55.400000000000006,78.2,75.2
eps.8-eps.64.params-bottom_k_sv-100-is_reduced-False-top_k_sv-None,17.808,47.014,49.2,65.8,65.2
eps.8-eps.64.params-bottom_k_sv-500-is_reduced-True-top_k_sv-None,21.138,50.202,55.400000000000006,78.2,75.2
eps.8-eps.64.params-bottom_k_sv-500-is_reduced-False-top_k_sv-None,17.808,47.014,49.2,65.8,65.2
eps.8-eps.64.params-bottom_k_sv-800-is_reduced-True-top_k_sv-None,21.138,50.202,55.400000000000006,78.2,75.2
eps.8-eps.64.params-bottom_k_sv-800-is_reduced-False-top_k_sv-None,17.808,47.014,49.2,65.8,65.2
eps.8-eps.64.params-bottom_k_sv-1000-is_reduced-True-top_k_sv-None,21.138,50.202,55.400000000000006,78.2,75.2
eps.8-eps.64.params-bottom_k_sv-1000-is_reduced-False-top_k_sv-None,17.808,47.014,49.2,65.8,65.2
eps.8-eps.1024.params-bottom_k_sv-None-is_reduced-True-top_k_sv-None,21.232,50.332,55.50000000000001,78.2,75.3
eps.8-eps.1024.params-bottom_k_sv-None-is_reduced-False-top_k_sv-None,21.232,50.332,55.50000000000001,78.2,75.3
eps.8-eps.1024.params-bottom_k_sv-0-is_reduced-True-top_k_sv-None,21.232,50.332,55.50000000000001,78.2,75.3
eps.8-eps.1024.params-bottom_k_sv-0-is_reduced-False-top_k_sv-None,21.232,50.332,55.50000000000001,78.2,75.3
eps.8-eps.1024.params-bottom_k_sv-1-is_reduced-True-top_k_sv-None,19.643,48.768,52.300000000000004,71.89999999999999,70.1
eps.8-eps.1024.params-bottom_k_sv-1-is_reduced-False-top_k_sv-None,19.64,48.774,52.300000000000004,71.6,70.1
eps.8-eps.1024.params-bottom_k_sv-2-is_reduced-True-top_k_sv-None,19.34,48.456,51.6,70.7,68.89999999999999
eps.8-eps.1024.params-bottom_k_sv-2-is_reduced-False-top_k_sv-None,19.192,48.454,51.6,70.3,69.0
eps.8-eps.1024.params-bottom_k_sv-3-is_reduced-True-top_k_sv-None,18.704,47.81,50.8,69.39999999999999,67.60000000000001
eps.8-eps.1024.params-bottom_k_sv-3-is_reduced-False-top_k_sv-None,18.602,47.983,51.300000000000004,69.6,68.2
eps.8-eps.1024.params-bottom_k_sv-4-is_reduced-True-top_k_sv-None,17.914,47.221,50.2,68.10000000000001,66.5
eps.8-eps.1024.params-bottom_k_sv-4-is_reduced-False-top_k_sv-None,18.159,47.663,50.9,68.60000000000001,67.4
eps.8-eps.1024.params-bottom_k_sv-5-is_reduced-True-top_k_sv-None,17.4,46.554,49.7,66.7,65.0
eps.8-eps.1024.params-bottom_k_sv-5-is_reduced-False-top_k_sv-None,17.9,47.303,50.4,67.80000000000001,66.7
eps.8-eps.1024.params-bottom_k_sv-7-is_reduced-True-top_k_sv-None,16.517,45.467,47.4,60.699999999999996,60.3
eps.8-eps.1024.params-bottom_k_sv-7-is_reduced-False-top_k_sv-None,17.833,46.828,49.8,66.4,65.5
eps.8-eps.1024.params-bottom_k_sv-8-is_reduced-True-top_k_sv-None,21.232,50.332,55.50000000000001,78.2,75.3
eps.8-eps.1024.params-bottom_k_sv-8-is_reduced-False-top_k_sv-None,18.333,47.226,50.2,67.0,66.10000000000001
eps.8-eps.1024.params-bottom_k_sv-9-is_reduced-True-top_k_sv-None,21.232,50.332,55.50000000000001,78.2,75.3
eps.8-eps.1024.params-bottom_k_sv-9-is_reduced-False-top_k_sv-None,18.333,47.226,50.2,67.0,66.10000000000001
eps.8-eps.1024.params-bottom_k_sv-10-is_reduced-True-top_k_sv-None,21.232,50.332,55.50000000000001,78.2,75.3
eps.8-eps.1024.params-bottom_k_sv-10-is_reduced-False-top_k_sv-None,18.333,47.226,50.2,67.0,66.10000000000001
eps.8-eps.1024.params-bottom_k_sv-20-is_reduced-True-top_k_sv-None,21.232,50.332,55.50000000000001,78.2,75.3
eps.8-eps.1024.params-bottom_k_sv-20-is_reduced-False-top_k_sv-None,18.333,47.226,50.2,67.0,66.10000000000001
eps.8-eps.1024.params-bottom_k_sv-100-is_reduced-True-top_k_sv-None,21.232,50.332,55.50000000000001,78.2,75.3
eps.8-eps.1024.params-bottom_k_sv-100-is_reduced-False-top_k_sv-None,18.333,47.226,50.2,67.0,66.10000000000001
eps.8-eps.1024.params-bottom_k_sv-500-is_reduced-True-top_k_sv-None,21.232,50.332,55.50000000000001,78.2,75.3
eps.8-eps.1024.params-bottom_k_sv-500-is_reduced-False-top_k_sv-None,18.333,47.226,50.2,67.0,66.10000000000001
eps.8-eps.1024.params-bottom_k_sv-800-is_reduced-True-top_k_sv-None,21.232,50.332,55.50000000000001,78.2,75.3
eps.8-eps.1024.params-bottom_k_sv-800-is_reduced-False-top_k_sv-None,18.333,47.226,50.2,67.0,66.10000000000001
eps.8-eps.1024.params-bottom_k_sv-1000-is_reduced-True-top_k_sv-None,21.232,50.332,55.50000000000001,78.2,75.3
eps.8-eps.1024.params-bottom_k_sv-1000-is_reduced-False-top_k_sv-None,18.333,47.226,50.2,67.0,66.10000000000001
eps.16-eps.4.params-bottom_k_sv-None-is_reduced-True-top_k_sv-None,21.929,50.734,56.10000000000001,79.5,76.2
eps.16-eps.4.params-bottom_k_sv-None-is_reduced-False-top_k_sv-None,21.929,50.734,56.10000000000001,79.5,76.2
eps.16-eps.4.params-bottom_k_sv-0-is_reduced-True-top_k_sv-None,21.919,50.73,56.10000000000001,79.5,76.2
eps.16-eps.4.params-bottom_k_sv-0-is_reduced-False-top_k_sv-None,21.919,50.73,56.10000000000001,79.5,76.2
eps.16-eps.4.params-bottom_k_sv-1-is_reduced-True-top_k_sv-None,17.715,46.719,49.1,65.7,64.9
eps.16-eps.4.params-bottom_k_sv-1-is_reduced-False-top_k_sv-None,18.102,47.367,50.6,68.10000000000001,67.30000000000001
eps.16-eps.4.params-bottom_k_sv-2-is_reduced-True-top_k_sv-None,17.331,46.188,48.8,65.0,64.0
eps.16-eps.4.params-bottom_k_sv-2-is_reduced-False-top_k_sv-None,18.262,47.485,50.7,68.10000000000001,67.2
eps.16-eps.4.params-bottom_k_sv-3-is_reduced-True-top_k_sv-None,16.928,45.81,48.1,63.1,62.6
eps.16-eps.4.params-bottom_k_sv-3-is_reduced-False-top_k_sv-None,18.039,47.376,50.6,68.10000000000001,67.2
eps.16-eps.4.params-bottom_k_sv-4-is_reduced-True-top_k_sv-None,21.919,50.73,56.10000000000001,79.5,76.2
eps.16-eps.4.params-bottom_k_sv-4-is_reduced-False-top_k_sv-None,18.651,47.689,50.6,68.30000000000001,67.10000000000001
eps.16-eps.4.params-bottom_k_sv-5-is_reduced-True-top_k_sv-None,21.919,50.73,56.10000000000001,79.5,76.2
eps.16-eps.4.params-bottom_k_sv-5-is_reduced-False-top_k_sv-None,18.651,47.689,50.6,68.30000000000001,67.10000000000001
eps.16-eps.4.params-bottom_k_sv-7-is_reduced-True-top_k_sv-None,21.919,50.73,56.10000000000001,79.5,76.2
eps.16-eps.4.params-bottom_k_sv-7-is_reduced-False-top_k_sv-None,18.651,47.689,50.6,68.30000000000001,67.10000000000001
eps.16-eps.4.params-bottom_k_sv-8-is_reduced-True-top_k_sv-None,21.919,50.73,56.10000000000001,79.5,76.2
eps.16-eps.4.params-bottom_k_sv-8-is_reduced-False-top_k_sv-None,18.651,47.689,50.6,68.30000000000001,67.10000000000001
eps.16-eps.4.params-bottom_k_sv-9-is_reduced-True-top_k_sv-None,21.919,50.73,56.10000000000001,79.5,76.2
eps.16-eps.4.params-bottom_k_sv-9-is_reduced-False-top_k_sv-None,18.651,47.689,50.6,68.30000000000001,67.10000000000001
eps.16-eps.4.params-bottom_k_sv-10-is_reduced-True-top_k_sv-None,21.919,50.73,56.10000000000001,79.5,76.2
eps.16-eps.4.params-bottom_k_sv-10-is_reduced-False-top_k_sv-None,18.651,47.689,50.6,68.30000000000001,67.10000000000001
eps.16-eps.4.params-bottom_k_sv-20-is_reduced-True-top_k_sv-None,21.919,50.73,56.10000000000001,79.5,76.2
eps.16-eps.4.params-bottom_k_sv-20-is_reduced-False-top_k_sv-None,18.651,47.689,50.6,68.30000000000001,67.10000000000001
eps.16-eps.4.params-bottom_k_sv-100-is_reduced-True-top_k_sv-None,21.919,50.73,56.10000000000001,79.5,76.2
eps.16-eps.4.params-bottom_k_sv-100-is_reduced-False-top_k_sv-None,18.651,47.689,50.6,68.30000000000001,67.10000000000001
eps.16-eps.4.params-bottom_k_sv-500-is_reduced-True-top_k_sv-None,21.919,50.73,56.10000000000001,79.5,76.2
eps.16-eps.4.params-bottom_k_sv-500-is_reduced-False-top_k_sv-None,18.651,47.689,50.6,68.30000000000001,67.10000000000001
eps.16-eps.4.params-bottom_k_sv-800-is_reduced-True-top_k_sv-None,21.919,50.73,56.10000000000001,79.5,76.2
eps.16-eps.4.params-bottom_k_sv-800-is_reduced-False-top_k_sv-None,18.651,47.689,50.6,68.30000000000001,67.10000000000001
eps.16-eps.4.params-bottom_k_sv-1000-is_reduced-True-top_k_sv-None,21.919,50.73,56.10000000000001,79.5,76.2
eps.16-eps.4.params-bottom_k_sv-1000-is_reduced-False-top_k_sv-None,18.651,47.689,50.6,68.30000000000001,67.10000000000001
eps.16-eps.8.params-bottom_k_sv-None-is_reduced-True-top_k_sv-None,22.135,50.946,56.3,79.60000000000001,76.3
eps.16-eps.8.params-bottom_k_sv-None-is_reduced-False-top_k_sv-None,22.135,50.946,56.3,79.60000000000001,76.3
eps.16-eps.8.params-bottom_k_sv-0-is_reduced-True-top_k_sv-None,22.126,50.95,56.3,79.60000000000001,76.3
eps.16-eps.8.params-bottom_k_sv-0-is_reduced-False-top_k_sv-None,22.126,50.95,56.3,79.60000000000001,76.3
eps.16-eps.8.params-bottom_k_sv-1-is_reduced-True-top_k_sv-None,18.109,47.44,50.3,68.2,66.8
eps.16-eps.8.params-bottom_k_sv-1-is_reduced-False-top_k_sv-None,18.492,47.783,51.2,69.1,68.0
eps.16-eps.8.params-bottom_k_sv-2-is_reduced-True-top_k_sv-None,18.047,47.175,49.9,67.4,66.10000000000001
eps.16-eps.8.params-bottom_k_sv-2-is_reduced-False-top_k_sv-None,18.867,47.991,51.0,69.19999999999999,67.9
eps.16-eps.8.params-bottom_k_sv-3-is_reduced-True-top_k_sv-None,17.702,46.787,49.7,66.9,65.7
eps.16-eps.8.params-bottom_k_sv-3-is_reduced-False-top_k_sv-None,18.502,47.881,51.300000000000004,69.19999999999999,67.80000000000001
eps.16-eps.8.params-bottom_k_sv-4-is_reduced-True-top_k_sv-None,17.172,46.583,49.2,66.0,64.9
eps.16-eps.8.params-bottom_k_sv-4-is_reduced-False-top_k_sv-None,18.089,47.408,51.0,69.3,67.7
eps.16-eps.8.params-bottom_k_sv-5-is_reduced-True-top_k_sv-None,17.164,46.26,48.9,65.0,63.9
eps.16-eps.8.params-bottom_k_sv-5-is_reduced-False-top_k_sv-None,18.331,47.59,50.8,69.0,67.5
eps.16-eps.8.params-bottom_k_sv-7-is_reduced-True-top_k_sv-None,16.5,45.407,47.5,61.6,60.9
eps.16-eps.8.params-bottom_k_sv-7-is_reduced-False-top_k_sv-None,18.291,47.702,50.9,69.39999999999999,67.9
eps.16-eps.8.params-bottom_k_sv-8-is_reduced-True-top_k_sv-None,22.126,50.95,56.3,79.60000000000001,76.3
eps.16-eps.8.params-bottom_k_sv-8-is_reduced-False-top_k_sv-None,18.875,47.976,51.300000000000004,69.1,67.9
eps.16-eps.8.params-bottom_k_sv-9-is_reduced-True-top_k_sv-None,22.126,50.95,56.3,79.60000000000001,76.3
eps.16-eps.8.params-bottom_k_sv-9-is_reduced-False-top_k_sv-None,18.875,47.976,51.300000000000004,69.1,67.9
eps.16-eps.8.params-bottom_k_sv-10-is_reduced-True-top_k_sv-None,22.126,50.95,56.3,79.60000000000001,76.3
eps.16-eps.8.params-bottom_k_sv-10-is_reduced-False-top_k_sv-None,18.875,47.976,51.300000000000004,69.1,67.9
eps.16-eps.8.params-bottom_k_sv-20-is_reduced-True-top_k_sv-None,22.126,50.95,56.3,79.60000000000001,76.3
eps.16-eps.8.params-bottom_k_sv-20-is_reduced-False-top_k_sv-None,18.875,47.976,51.300000000000004,69.1,67.9
eps.16-eps.8.params-bottom_k_sv-100-is_reduced-True-top_k_sv-None,22.126,50.95,56.3,79.60000000000001,76.3
eps.16-eps.8.params-bottom_k_sv-100-is_reduced-False-top_k_sv-None,18.875,47.976,51.300000000000004,69.1,67.9
eps.16-eps.8.params-bottom_k_sv-500-is_reduced-True-top_k_sv-None,22.126,50.95,56.3,79.60000000000001,76.3
eps.16-eps.8.params-bottom_k_sv-500-is_reduced-False-top_k_sv-None,18.875,47.976,51.300000000000004,69.1,67.9
eps.16-eps.8.params-bottom_k_sv-800-is_reduced-True-top_k_sv-None,22.126,50.95,56.3,79.60000000000001,76.3
eps.16-eps.8.params-bottom_k_sv-800-is_reduced-False-top_k_sv-None,18.875,47.976,51.300000000000004,69.1,67.9
eps.16-eps.8.params-bottom_k_sv-1000-is_reduced-True-top_k_sv-None,22.126,50.95,56.3,79.60000000000001,76.3
eps.16-eps.8.params-bottom_k_sv-1000-is_reduced-False-top_k_sv-None,18.875,47.976,51.300000000000004,69.1,67.9
eps.16-eps.16.params-bottom_k_sv-None-is_reduced-True-top_k_sv-None,22.034,50.894,56.39999999999999,79.80000000000001,76.5
eps.16-eps.16.params-bottom_k_sv-None-is_reduced-False-top_k_sv-None,22.034,50.894,56.39999999999999,79.80000000000001,76.5
eps.16-eps.16.params-bottom_k_sv-0-is_reduced-True-top_k_sv-None,22.042,50.9,56.39999999999999,79.80000000000001,76.5
eps.16-eps.16.params-bottom_k_sv-0-is_reduced-False-top_k_sv-None,22.042,50.9,56.39999999999999,79.80000000000001,76.5
eps.16-eps.16.params-bottom_k_sv-1-is_reduced-True-top_k_sv-None,21.108,50.121,54.50000000000001,76.0,74.0
eps.16-eps.16.params-bottom_k_sv-1-is_reduced-False-top_k_sv-None,21.108,50.121,54.50000000000001,76.0,74.0
eps.16-eps.16.params-bottom_k_sv-2-is_reduced-True-top_k_sv-None,20.537,49.675,54.0,75.5,73.5
eps.16-eps.16.params-bottom_k_sv-2-is_reduced-False-top_k_sv-None,20.537,49.675,54.0,75.5,73.5
eps.16-eps.16.params-bottom_k_sv-3-is_reduced-True-top_k_sv-None,19.941,49.526,53.7,74.7,72.7
eps.16-eps.16.params-bottom_k_sv-3-is_reduced-False-top_k_sv-None,19.941,49.526,53.7,74.7,72.7
eps.16-eps.16.params-bottom_k_sv-4-is_reduced-True-top_k_sv-None,19.447,48.962,53.1,73.8,71.89999999999999
eps.16-eps.16.params-bottom_k_sv-4-is_reduced-False-top_k_sv-None,19.447,48.962,53.1,73.8,71.89999999999999
eps.16-eps.16.params-bottom_k_sv-5-is_reduced-True-top_k_sv-None,19.578,48.715,53.0,73.3,71.2
eps.16-eps.16.params-bottom_k_sv-5-is_reduced-False-top_k_sv-None,19.578,48.715,53.0,73.3,71.2
eps.16-eps.16.params-bottom_k_sv-7-is_reduced-True-top_k_sv-None,18.517,48.052,51.7,71.2,69.39999999999999
eps.16-eps.16.params-bottom_k_sv-7-is_reduced-False-top_k_sv-None,18.517,48.052,51.7,71.2,69.39999999999999
eps.16-eps.16.params-bottom_k_sv-8-is_reduced-True-top_k_sv-None,18.165,47.528,51.4,70.5,68.5
eps.16-eps.16.params-bottom_k_sv-8-is_reduced-False-top_k_sv-None,18.165,47.528,51.4,70.5,68.5
eps.16-eps.16.params-bottom_k_sv-9-is_reduced-True-top_k_sv-None,17.818,47.141,50.7,69.3,67.4
eps.16-eps.16.params-bottom_k_sv-9-is_reduced-False-top_k_sv-None,17.818,47.141,50.7,69.3,67.4
eps.16-eps.16.params-bottom_k_sv-10-is_reduced-True-top_k_sv-None,17.648,47.114,50.3,67.9,66.10000000000001
eps.16-eps.16.params-bottom_k_sv-10-is_reduced-False-top_k_sv-None,17.648,47.114,50.3,67.9,66.10000000000001
eps.16-eps.16.params-bottom_k_sv-20-is_reduced-True-top_k_sv-None,22.042,50.9,56.39999999999999,79.80000000000001,76.5
eps.16-eps.16.params-bottom_k_sv-20-is_reduced-False-top_k_sv-None,22.042,50.9,56.39999999999999,79.80000000000001,76.5
eps.16-eps.16.params-bottom_k_sv-100-is_reduced-True-top_k_sv-None,22.042,50.9,56.39999999999999,79.80000000000001,76.5
eps.16-eps.16.params-bottom_k_sv-100-is_reduced-False-top_k_sv-None,22.042,50.9,56.39999999999999,79.80000000000001,76.5
eps.16-eps.16.params-bottom_k_sv-500-is_reduced-True-top_k_sv-None,22.042,50.9,56.39999999999999,79.80000000000001,76.5
eps.16-eps.16.params-bottom_k_sv-500-is_reduced-False-top_k_sv-None,22.042,50.9,56.39999999999999,79.80000000000001,76.5
eps.16-eps.16.params-bottom_k_sv-800-is_reduced-True-top_k_sv-None,22.042,50.9,56.39999999999999,79.80000000000001,76.5
eps.16-eps.16.params-bottom_k_sv-800-is_reduced-False-top_k_sv-None,22.042,50.9,56.39999999999999,79.80000000000001,76.5
eps.16-eps.16.params-bottom_k_sv-1000-is_reduced-True-top_k_sv-None,22.042,50.9,56.39999999999999,79.80000000000001,76.5
eps.16-eps.16.params-bottom_k_sv-1000-is_reduced-False-top_k_sv-None,22.042,50.9,56.39999999999999,79.80000000000001,76.5
eps.16-eps.32.params-bottom_k_sv-None-is_reduced-True-top_k_sv-None,22.2,51.021,56.49999999999999,79.80000000000001,76.5
eps.16-eps.32.params-bottom_k_sv-None-is_reduced-False-top_k_sv-None,22.2,51.021,56.49999999999999,79.80000000000001,76.5
eps.16-eps.32.params-bottom_k_sv-0-is_reduced-True-top_k_sv-None,22.2,51.025,56.49999999999999,79.80000000000001,76.5
eps.16-eps.32.params-bottom_k_sv-0-is_reduced-False-top_k_sv-None,22.2,51.025,56.49999999999999,79.80000000000001,76.5
eps.16-eps.32.params-bottom_k_sv-1-is_reduced-True-top_k_sv-None,19.999,49.021,52.7,72.39999999999999,70.89999999999999
eps.16-eps.32.params-bottom_k_sv-1-is_reduced-False-top_k_sv-None,19.694,48.885,52.6,72.1,70.7
eps.16-eps.32.params-bottom_k_sv-2-is_reduced-True-top_k_sv-None,19.793,48.835,52.400000000000006,72.0,70.19999999999999
eps.16-eps.32.params-bottom_k_sv-2-is_reduced-False-top_k_sv-None,19.329,48.969,52.300000000000004,71.7,70.3
eps.16-eps.32.params-bottom_k_sv-3-is_reduced-True-top_k_sv-None,19.548,48.796,52.400000000000006,71.5,70.0
eps.16-eps.32.params-bottom_k_sv-3-is_reduced-False-top_k_sv-None,18.755,48.56,52.0,71.1,69.8
eps.16-eps.32.params-bottom_k_sv-4-is_reduced-True-top_k_sv-None,19.088,48.358,51.800000000000004,71.0,69.39999999999999
eps.16-eps.32.params-bottom_k_sv-4-is_reduced-False-top_k_sv-None,18.454,48.158,51.6,70.7,69.19999999999999
eps.16-eps.32.params-bottom_k_sv-5-is_reduced-True-top_k_sv-None,18.801,48.247,51.7,70.5,68.8
eps.16-eps.32.params-bottom_k_sv-5-is_reduced-False-top_k_sv-None,18.566,48.063,51.300000000000004,70.3,68.89999999999999
eps.16-eps.32.params-bottom_k_sv-7-is_reduced-True-top_k_sv-None,18.351,47.775,50.8,69.39999999999999,67.9
eps.16-eps.32.params-bottom_k_sv-7-is_reduced-False-top_k_sv-None,18.47,47.73,50.8,69.3,67.9
eps.16-eps.32.params-bottom_k_sv-8-is_reduced-True-top_k_sv-None,17.911,47.225,50.5,68.8,67.0
eps.16-eps.32.params-bottom_k_sv-8-is_reduced-False-top_k_sv-None,18.212,47.456,50.6,68.5,67.30000000000001
eps.16-eps.32.params-bottom_k_sv-9-is_reduced-True-top_k_sv-None,17.174,46.758,49.8,67.7,66.2
eps.16-eps.32.params-bottom_k_sv-9-is_reduced-False-top_k_sv-None,18.03,47.409,50.2,68.2,67.0
eps.16-eps.32.params-bottom_k_sv-10-is_reduced-True-top_k_sv-None,17.375,46.774,49.6,66.60000000000001,65.3
eps.16-eps.32.params-bottom_k_sv-10-is_reduced-False-top_k_sv-None,17.861,47.166,50.1,67.60000000000001,66.8
eps.16-eps.32.params-bottom_k_sv-20-is_reduced-True-top_k_sv-None,22.2,51.025,56.49999999999999,79.80000000000001,76.5
eps.16-eps.32.params-bottom_k_sv-20-is_reduced-False-top_k_sv-None,17.373,46.457,48.9,64.8,64.60000000000001
eps.16-eps.32.params-bottom_k_sv-100-is_reduced-True-top_k_sv-None,22.2,51.025,56.49999999999999,79.80000000000001,76.5
eps.16-eps.32.params-bottom_k_sv-100-is_reduced-False-top_k_sv-None,17.373,46.457,48.9,64.8,64.60000000000001
eps.16-eps.32.params-bottom_k_sv-500-is_reduced-True-top_k_sv-None,22.2,51.025,56.49999999999999,79.80000000000001,76.5
eps.16-eps.32.params-bottom_k_sv-500-is_reduced-False-top_k_sv-None,17.373,46.457,48.9,64.8,64.60000000000001
eps.16-eps.32.params-bottom_k_sv-800-is_reduced-True-top_k_sv-None,22.2,51.025,56.49999999999999,79.80000000000001,76.5
eps.16-eps.32.params-bottom_k_sv-800-is_reduced-False-top_k_sv-None,17.373,46.457,48.9,64.8,64.60000000000001
eps.16-eps.32.params-bottom_k_sv-1000-is_reduced-True-top_k_sv-None,22.2,51.025,56.49999999999999,79.80000000000001,76.5
eps.16-eps.32.params-bottom_k_sv-1000-is_reduced-False-top_k_sv-None,17.373,46.457,48.9,64.8,64.60000000000001
eps.16-eps.64.params-bottom_k_sv-None-is_reduced-True-top_k_sv-None,22.205,50.977,56.39999999999999,79.9,76.4
eps.16-eps.64.params-bottom_k_sv-None-is_reduced-False-top_k_sv-None,22.205,50.977,56.39999999999999,79.9,76.4
eps.16-eps.64.params-bottom_k_sv-0-is_reduced-True-top_k_sv-None,22.205,50.977,56.39999999999999,79.9,76.4
eps.16-eps.64.params-bottom_k_sv-0-is_reduced-False-top_k_sv-None,22.205,50.977,56.39999999999999,79.9,76.4
eps.16-eps.64.params-bottom_k_sv-1-is_reduced-True-top_k_sv-None,20.046,49.229,53.1,73.1,71.39999999999999
eps.16-eps.64.params-bottom_k_sv-1-is_reduced-False-top_k_sv-None,19.934,49.176,52.900000000000006,72.89999999999999,71.3
eps.16-eps.64.params-bottom_k_sv-2-is_reduced-True-top_k_sv-None,19.644,48.825,52.5,72.6,70.7
eps.16-eps.64.params-bottom_k_sv-2-is_reduced-False-top_k_sv-None,19.745,48.759,52.2,72.2,70.6
eps.16-eps.64.params-bottom_k_sv-3-is_reduced-True-top_k_sv-None,19.628,48.82,52.400000000000006,72.1,70.3
eps.16-eps.64.params-bottom_k_sv-3-is_reduced-False-top_k_sv-None,19.411,48.763,52.2,71.7,70.3
eps.16-eps.64.params-bottom_k_sv-4-is_reduced-True-top_k_sv-None,19.609,48.665,52.0,71.6,69.69999999999999
eps.16-eps.64.params-bottom_k_sv-4-is_reduced-False-top_k_sv-None,19.066,48.549,51.800000000000004,71.2,69.89999999999999
eps.16-eps.64.params-bottom_k_sv-5-is_reduced-True-top_k_sv-None,19.11,48.349,51.7,70.8,69.19999999999999
eps.16-eps.64.params-bottom_k_sv-5-is_reduced-False-top_k_sv-None,18.717,48.405,51.5,70.6,69.39999999999999
eps.16-eps.64.params-bottom_k_sv-7-is_reduced-True-top_k_sv-None,18.262,47.625,50.9,69.39999999999999,67.80000000000001
eps.16-eps.64.params-bottom_k_sv-7-is_reduced-False-top_k_sv-None,18.336,47.676,50.9,69.39999999999999,68.10000000000001
eps.16-eps.64.params-bottom_k_sv-8-is_reduced-True-top_k_sv-None,18.074,47.432,50.5,68.7,67.10000000000001
eps.16-eps.64.params-bottom_k_sv-8-is_reduced-False-top_k_sv-None,18.04,47.491,50.6,68.7,67.5
eps.16-eps.64.params-bottom_k_sv-9-is_reduced-True-top_k_sv-None,17.751,47.139,50.0,67.5,65.9
eps.16-eps.64.params-bottom_k_sv-9-is_reduced-False-top_k_sv-None,18.08,47.312,50.3,68.2,67.0
eps.16-eps.64.params-bottom_k_sv-10-is_reduced-True-top_k_sv-None,17.425,46.702,49.5,66.7,65.2
eps.16-eps.64.params-bottom_k_sv-10-is_reduced-False-top_k_sv-None,18.084,47.282,50.2,67.60000000000001,66.60000000000001
eps.16-eps.64.params-bottom_k_sv-20-is_reduced-True-top_k_sv-None,22.205,50.977,56.39999999999999,79.9,76.4
eps.16-eps.64.params-bottom_k_sv-20-is_reduced-False-top_k_sv-None,17.441,46.402,48.699999999999996,65.10000000000001,64.60000000000001
eps.16-eps.64.params-bottom_k_sv-100-is_reduced-True-top_k_sv-None,22.205,50.977,56.39999999999999,79.9,76.4
eps.16-eps.64.params-bottom_k_sv-100-is_reduced-False-top_k_sv-None,17.441,46.402,48.699999999999996,65.10000000000001,64.60000000000001
eps.16-eps.64.params-bottom_k_sv-500-is_reduced-True-top_k_sv-None,22.205,50.977,56.39999999999999,79.9,76.4
eps.16-eps.64.params-bottom_k_sv-500-is_reduced-False-top_k_sv-None,17.441,46.402,48.699999999999996,65.10000000000001,64.60000000000001
eps.16-eps.64.params-bottom_k_sv-800-is_reduced-True-top_k_sv-None,22.205,50.977,56.39999999999999,79.9,76.4
eps.16-eps.64.params-bottom_k_sv-800-is_reduced-False-top_k_sv-None,17.441,46.402,48.699999999999996,65.10000000000001,64.60000000000001
eps.16-eps.64.params-bottom_k_sv-1000-is_reduced-True-top_k_sv-None,22.205,50.977,56.39999999999999,79.9,76.4
eps.16-eps.64.params-bottom_k_sv-1000-is_reduced-False-top_k_sv-None,17.441,46.402,48.699999999999996,65.10000000000001,64.60000000000001
eps.16-eps.1024.params-bottom_k_sv-None-is_reduced-True-top_k_sv-None,22.222,51.013,56.49999999999999,79.9,76.5
eps.16-eps.1024.params-bottom_k_sv-None-is_reduced-False-top_k_sv-None,22.222,51.013,56.49999999999999,79.9,76.5
eps.16-eps.1024.params-bottom_k_sv-0-is_reduced-True-top_k_sv-None,22.222,51.013,56.49999999999999,79.9,76.5
eps.16-eps.1024.params-bottom_k_sv-0-is_reduced-False-top_k_sv-None,22.222,51.013,56.49999999999999,79.9,76.5
eps.16-eps.1024.params-bottom_k_sv-1-is_reduced-True-top_k_sv-None,20.178,49.458,53.2,73.6,71.89999999999999
eps.16-eps.1024.params-bottom_k_sv-1-is_reduced-False-top_k_sv-None,20.236,49.385,53.1,73.4,71.8
eps.16-eps.1024.params-bottom_k_sv-2-is_reduced-True-top_k_sv-None,19.976,49.196,53.1,73.3,71.5
eps.16-eps.1024.params-bottom_k_sv-2-is_reduced-False-top_k_sv-None,19.794,49.061,52.900000000000006,72.7,71.3
eps.16-eps.1024.params-bottom_k_sv-3-is_reduced-True-top_k_sv-None,19.751,49.187,52.800000000000004,72.5,70.8
eps.16-eps.1024.params-bottom_k_sv-3-is_reduced-False-top_k_sv-None,19.436,48.781,52.5,72.0,70.5
eps.16-eps.1024.params-bottom_k_sv-4-is_reduced-True-top_k_sv-None,19.439,48.977,52.5,72.1,70.3
eps.16-eps.1024.params-bottom_k_sv-4-is_reduced-False-top_k_sv-None,18.99,48.545,52.2,71.39999999999999,69.8
eps.16-eps.1024.params-bottom_k_sv-5-is_reduced-True-top_k_sv-None,19.401,48.758,52.2,71.89999999999999,70.1
eps.16-eps.1024.params-bottom_k_sv-5-is_reduced-False-top_k_sv-None,18.764,48.317,51.800000000000004,70.8,69.3
eps.16-eps.1024.params-bottom_k_sv-7-is_reduced-True-top_k_sv-None,18.658,47.861,51.300000000000004,70.1,68.30000000000001
eps.16-eps.1024.params-bottom_k_sv-7-is_reduced-False-top_k_sv-None,18.4,47.965,51.1,69.39999999999999,68.10000000000001
eps.16-eps.1024.params-bottom_k_sv-8-is_reduced-True-top_k_sv-None,17.997,47.388,50.5,68.7,67.10000000000001
eps.16-eps.1024.params-bottom_k_sv-8-is_reduced-False-top_k_sv-None,18.202,47.724,50.6,68.7,67.4
eps.16-eps.1024.params-bottom_k_sv-9-is_reduced-True-top_k_sv-None,17.508,46.883,49.8,67.5,65.9
eps.16-eps.1024.params-bottom_k_sv-9-is_reduced-False-top_k_sv-None,17.984,47.38,50.4,68.10000000000001,66.8
eps.16-eps.1024.params-bottom_k_sv-10-is_reduced-True-top_k_sv-None,17.521,46.758,49.1,66.2,64.9
eps.16-eps.1024.params-bottom_k_sv-10-is_reduced-False-top_k_sv-None,18.057,47.323,50.2,67.5,66.2
eps.16-eps.1024.params-bottom_k_sv-20-is_reduced-True-top_k_sv-None,22.222,51.013,56.49999999999999,79.9,76.5
eps.16-eps.1024.params-bottom_k_sv-20-is_reduced-False-top_k_sv-None,17.962,46.958,49.5,66.2,65.60000000000001
eps.16-eps.1024.params-bottom_k_sv-100-is_reduced-True-top_k_sv-None,22.222,51.013,56.49999999999999,79.9,76.5
eps.16-eps.1024.params-bottom_k_sv-100-is_reduced-False-top_k_sv-None,17.962,46.958,49.5,66.2,65.60000000000001
eps.16-eps.1024.params-bottom_k_sv-500-is_reduced-True-top_k_sv-None,22.222,51.013,56.49999999999999,79.9,76.5
eps.16-eps.1024.params-bottom_k_sv-500-is_reduced-False-top_k_sv-None,17.962,46.958,49.5,66.2,65.60000000000001
eps.16-eps.1024.params-bottom_k_sv-800-is_reduced-True-top_k_sv-None,22.222,51.013,56.49999999999999,79.9,76.5
eps.16-eps.1024.params-bottom_k_sv-800-is_reduced-False-top_k_sv-None,17.962,46.958,49.5,66.2,65.60000000000001
eps.16-eps.1024.params-bottom_k_sv-1000-is_reduced-True-top_k_sv-None,22.222,51.013,56.49999999999999,79.9,76.5
eps.16-eps.1024.params-bottom_k_sv-1000-is_reduced-False-top_k_sv-None,17.962,46.958,49.5,66.2,65.60000000000001
eps.32-eps.4.params-bottom_k_sv-None-is_reduced-True-top_k_sv-None,22.042,50.999,56.599999999999994,80.5,77.0
eps.32-eps.4.params-bottom_k_sv-None-is_reduced-False-top_k_sv-None,22.042,50.999,56.599999999999994,80.5,77.0
eps.32-eps.4.params-bottom_k_sv-0-is_reduced-True-top_k_sv-None,22.081,51.014,56.599999999999994,80.5,77.0
eps.32-eps.4.params-bottom_k_sv-0-is_reduced-False-top_k_sv-None,22.081,51.019,56.599999999999994,80.5,77.0
eps.32-eps.4.params-bottom_k_sv-1-is_reduced-True-top_k_sv-None,16.858,46.038,48.9,65.2,64.4
eps.32-eps.4.params-bottom_k_sv-1-is_reduced-False-top_k_sv-None,18.402,47.704,50.3,67.9,66.9
eps.32-eps.4.params-bottom_k_sv-2-is_reduced-True-top_k_sv-None,16.737,45.777,48.4,64.0,63.1
eps.32-eps.4.params-bottom_k_sv-2-is_reduced-False-top_k_sv-None,18.315,47.702,50.2,67.9,66.7
eps.32-eps.4.params-bottom_k_sv-3-is_reduced-True-top_k_sv-None,16.665,45.565,47.9,62.5,62.2
eps.32-eps.4.params-bottom_k_sv-3-is_reduced-False-top_k_sv-None,18.347,47.47,50.2,68.2,67.0
eps.32-eps.4.params-bottom_k_sv-4-is_reduced-True-top_k_sv-None,22.081,51.014,56.599999999999994,80.5,77.0
eps.32-eps.4.params-bottom_k_sv-4-is_reduced-False-top_k_sv-None,18.129,47.419,50.3,67.80000000000001,66.8
eps.32-eps.4.params-bottom_k_sv-5-is_reduced-True-top_k_sv-None,22.081,51.014,56.599999999999994,80.5,77.0
eps.32-eps.4.params-bottom_k_sv-5-is_reduced-False-top_k_sv-None,18.129,47.419,50.3,67.80000000000001,66.8
eps.32-eps.4.params-bottom_k_sv-7-is_reduced-True-top_k_sv-None,22.081,51.014,56.599999999999994,80.5,77.0
eps.32-eps.4.params-bottom_k_sv-7-is_reduced-False-top_k_sv-None,18.129,47.419,50.3,67.80000000000001,66.8
eps.32-eps.4.params-bottom_k_sv-8-is_reduced-True-top_k_sv-None,22.081,51.014,56.599999999999994,80.5,77.0
eps.32-eps.4.params-bottom_k_sv-8-is_reduced-False-top_k_sv-None,18.129,47.419,50.3,67.80000000000001,66.8
eps.32-eps.4.params-bottom_k_sv-9-is_reduced-True-top_k_sv-None,22.081,51.014,56.599999999999994,80.5,77.0
eps.32-eps.4.params-bottom_k_sv-9-is_reduced-False-top_k_sv-None,18.129,47.419,50.3,67.80000000000001,66.8
eps.32-eps.4.params-bottom_k_sv-10-is_reduced-True-top_k_sv-None,22.081,51.014,56.599999999999994,80.5,77.0
eps.32-eps.4.params-bottom_k_sv-10-is_reduced-False-top_k_sv-None,18.129,47.419,50.3,67.80000000000001,66.8
eps.32-eps.4.params-bottom_k_sv-20-is_reduced-True-top_k_sv-None,22.081,51.014,56.599999999999994,80.5,77.0
eps.32-eps.4.params-bottom_k_sv-20-is_reduced-False-top_k_sv-None,18.129,47.419,50.3,67.80000000000001,66.8
eps.32-eps.4.params-bottom_k_sv-100-is_reduced-True-top_k_sv-None,22.081,51.014,56.599999999999994,80.5,77.0
eps.32-eps.4.params-bottom_k_sv-100-is_reduced-False-top_k_sv-None,18.129,47.419,50.3,67.80000000000001,66.8
eps.32-eps.4.params-bottom_k_sv-500-is_reduced-True-top_k_sv-None,22.081,51.014,56.599999999999994,80.5,77.0
eps.32-eps.4.params-bottom_k_sv-500-is_reduced-False-top_k_sv-None,18.129,47.419,50.3,67.80000000000001,66.8
eps.32-eps.4.params-bottom_k_sv-800-is_reduced-True-top_k_sv-None,22.081,51.014,56.599999999999994,80.5,77.0
eps.32-eps.4.params-bottom_k_sv-800-is_reduced-False-top_k_sv-None,18.129,47.419,50.3,67.80000000000001,66.8
eps.32-eps.4.params-bottom_k_sv-1000-is_reduced-True-top_k_sv-None,22.081,51.014,56.599999999999994,80.5,77.0
eps.32-eps.4.params-bottom_k_sv-1000-is_reduced-False-top_k_sv-None,18.129,47.419,50.3,67.80000000000001,66.8
eps.32-eps.8.params-bottom_k_sv-None-is_reduced-True-top_k_sv-None,22.509,51.445,56.89999999999999,80.7,77.2
eps.32-eps.8.params-bottom_k_sv-None-is_reduced-False-top_k_sv-None,22.509,51.445,56.89999999999999,80.7,77.2
eps.32-eps.8.params-bottom_k_sv-0-is_reduced-True-top_k_sv-None,22.521,51.451,56.89999999999999,80.7,77.2
eps.32-eps.8.params-bottom_k_sv-0-is_reduced-False-top_k_sv-None,22.521,51.451,56.89999999999999,80.7,77.2
eps.32-eps.8.params-bottom_k_sv-1-is_reduced-True-top_k_sv-None,17.505,46.715,49.1,66.0,65.2
eps.32-eps.8.params-bottom_k_sv-1-is_reduced-False-top_k_sv-None,18.142,47.369,50.2,68.30000000000001,67.10000000000001
eps.32-eps.8.params-bottom_k_sv-2-is_reduced-True-top_k_sv-None,17.026,46.221,48.6,65.4,64.4
eps.32-eps.8.params-bottom_k_sv-2-is_reduced-False-top_k_sv-None,18.243,47.398,50.4,68.2,67.2
eps.32-eps.8.params-bottom_k_sv-3-is_reduced-True-top_k_sv-None,16.911,46.136,48.4,64.60000000000001,63.4
eps.32-eps.8.params-bottom_k_sv-3-is_reduced-False-top_k_sv-None,18.691,47.615,50.6,68.5,67.30000000000001
eps.32-eps.8.params-bottom_k_sv-4-is_reduced-True-top_k_sv-None,16.572,45.776,48.199999999999996,64.3,63.2
eps.32-eps.8.params-bottom_k_sv-4-is_reduced-False-top_k_sv-None,18.528,47.493,50.3,68.10000000000001,67.0
eps.32-eps.8.params-bottom_k_sv-5-is_reduced-True-top_k_sv-None,16.36,45.377,47.599999999999994,62.9,61.9
eps.32-eps.8.params-bottom_k_sv-5-is_reduced-False-top_k_sv-None,18.69,47.685,50.6,68.2,67.0
eps.32-eps.8.params-bottom_k_sv-7-is_reduced-True-top_k_sv-None,15.94,44.95,46.800000000000004,60.3,60.0
eps.32-eps.8.params-bottom_k_sv-7-is_reduced-False-top_k_sv-None,17.826,47.13,50.4,68.0,66.9
eps.32-eps.8.params-bottom_k_sv-8-is_reduced-True-top_k_sv-None,22.521,51.451,56.89999999999999,80.7,77.2
eps.32-eps.8.params-bottom_k_sv-8-is_reduced-False-top_k_sv-None,18.16,47.585,50.7,68.60000000000001,67.2
eps.32-eps.8.params-bottom_k_sv-9-is_reduced-True-top_k_sv-None,22.521,51.451,56.89999999999999,80.7,77.2
eps.32-eps.8.params-bottom_k_sv-9-is_reduced-False-top_k_sv-None,18.16,47.585,50.7,68.60000000000001,67.2
eps.32-eps.8.params-bottom_k_sv-10-is_reduced-True-top_k_sv-None,22.521,51.451,56.89999999999999,80.7,77.2
eps.32-eps.8.params-bottom_k_sv-10-is_reduced-False-top_k_sv-None,18.16,47.585,50.7,68.60000000000001,67.2
eps.32-eps.8.params-bottom_k_sv-20-is_reduced-True-top_k_sv-None,22.521,51.451,56.89999999999999,80.7,77.2
eps.32-eps.8.params-bottom_k_sv-20-is_reduced-False-top_k_sv-None,18.16,47.585,50.7,68.60000000000001,67.2
eps.32-eps.8.params-bottom_k_sv-100-is_reduced-True-top_k_sv-None,22.521,51.451,56.89999999999999,80.7,77.2
eps.32-eps.8.params-bottom_k_sv-100-is_reduced-False-top_k_sv-None,18.16,47.585,50.7,68.60000000000001,67.2
eps.32-eps.8.params-bottom_k_sv-500-is_reduced-True-top_k_sv-None,22.521,51.451,56.89999999999999,80.7,77.2
eps.32-eps.8.params-bottom_k_sv-500-is_reduced-False-top_k_sv-None,18.16,47.585,50.7,68.60000000000001,67.2
eps.32-eps.8.params-bottom_k_sv-800-is_reduced-True-top_k_sv-None,22.521,51.451,56.89999999999999,80.7,77.2
eps.32-eps.8.params-bottom_k_sv-800-is_reduced-False-top_k_sv-None,18.16,47.585,50.7,68.60000000000001,67.2
eps.32-eps.8.params-bottom_k_sv-1000-is_reduced-True-top_k_sv-None,22.521,51.451,56.89999999999999,80.7,77.2
eps.32-eps.8.params-bottom_k_sv-1000-is_reduced-False-top_k_sv-None,18.16,47.585,50.7,68.60000000000001,67.2
eps.32-eps.16.params-bottom_k_sv-None-is_reduced-True-top_k_sv-None,22.539,51.397,57.199999999999996,81.0,77.5
eps.32-eps.16.params-bottom_k_sv-None-is_reduced-False-top_k_sv-None,22.539,51.397,57.199999999999996,81.0,77.5
eps.32-eps.16.params-bottom_k_sv-0-is_reduced-True-top_k_sv-None,22.539,51.394,57.199999999999996,81.0,77.5
eps.32-eps.16.params-bottom_k_sv-0-is_reduced-False-top_k_sv-None,22.539,51.394,57.199999999999996,81.0,77.5
eps.32-eps.16.params-bottom_k_sv-1-is_reduced-True-top_k_sv-None,18.096,47.482,50.5,68.4,66.9
eps.32-eps.16.params-bottom_k_sv-1-is_reduced-False-top_k_sv-None,18.67,48.143,51.300000000000004,69.69999999999999,68.5
eps.32-eps.16.params-bottom_k_sv-2-is_reduced-True-top_k_sv-None,17.577,47.036,50.0,67.7,66.5
eps.32-eps.16.params-bottom_k_sv-2-is_reduced-False-top_k_sv-None,18.759,47.973,50.9,69.5,68.10000000000001
eps.32-eps.16.params-bottom_k_sv-3-is_reduced-True-top_k_sv-None,17.476,46.742,49.8,67.5,66.2
eps.32-eps.16.params-bottom_k_sv-3-is_reduced-False-top_k_sv-None,18.832,48.033,51.1,69.5,68.2
eps.32-eps.16.params-bottom_k_sv-4-is_reduced-True-top_k_sv-None,17.237,46.656,49.8,67.30000000000001,66.3
eps.32-eps.16.params-bottom_k_sv-4-is_reduced-False-top_k_sv-None,18.996,48.161,51.1,69.6,68.30000000000001
eps.32-eps.16.params-bottom_k_sv-5-is_reduced-True-top_k_sv-None,17.467,46.735,49.3,66.2,65.4
eps.32-eps.16.params-bottom_k_sv-5-is_reduced-False-top_k_sv-None,18.973,48.135,51.0,69.6,68.30000000000001
eps.32-eps.16.params-bottom_k_sv-7-is_reduced-True-top_k_sv-None,17.334,46.551,49.2,65.60000000000001,64.5
eps.32-eps.16.params-bottom_k_sv-7-is_reduced-False-top_k_sv-None,18.831,48.166,51.4,69.8,68.4
eps.32-eps.16.params-bottom_k_sv-8-is_reduced-True-top_k_sv-None,16.873,46.249,49.0,65.2,64.2
eps.32-eps.16.params-bottom_k_sv-8-is_reduced-False-top_k_sv-None,18.615,48.125,51.4,69.69999999999999,68.4
eps.32-eps.16.params-bottom_k_sv-9-is_reduced-True-top_k_sv-None,16.538,45.928,48.199999999999996,64.3,63.3
eps.32-eps.16.params-bottom_k_sv-9-is_reduced-False-top_k_sv-None,18.453,47.992,51.4,69.8,68.5
eps.32-eps.16.params-bottom_k_sv-10-is_reduced-True-top_k_sv-None,16.733,45.907,48.4,64.1,63.1
eps.32-eps.16.params-bottom_k_sv-10-is_reduced-False-top_k_sv-None,18.185,47.743,51.2,69.8,68.4
eps.32-eps.16.params-bottom_k_sv-20-is_reduced-True-top_k_sv-None,22.539,51.394,57.199999999999996,81.0,77.5
eps.32-eps.16.params-bottom_k_sv-20-is_reduced-False-top_k_sv-None,18.91,48.099,51.5,70.0,68.4
eps.32-eps.16.params-bottom_k_sv-100-is_reduced-True-top_k_sv-None,22.539,51.394,57.199999999999996,81.0,77.5
eps.32-eps.16.params-bottom_k_sv-100-is_reduced-False-top_k_sv-None,18.91,48.099,51.5,70.0,68.4
eps.32-eps.16.params-bottom_k_sv-500-is_reduced-True-top_k_sv-None,22.539,51.394,57.199999999999996,81.0,77.5
eps.32-eps.16.params-bottom_k_sv-500-is_reduced-False-top_k_sv-None,18.91,48.099,51.5,70.0,68.4
eps.32-eps.16.params-bottom_k_sv-800-is_reduced-True-top_k_sv-None,22.539,51.394,57.199999999999996,81.0,77.5
eps.32-eps.16.params-bottom_k_sv-800-is_reduced-False-top_k_sv-None,18.91,48.099,51.5,70.0,68.4
eps.32-eps.16.params-bottom_k_sv-1000-is_reduced-True-top_k_sv-None,22.539,51.394,57.199999999999996,81.0,77.5
eps.32-eps.16.params-bottom_k_sv-1000-is_reduced-False-top_k_sv-None,18.91,48.099,51.5,70.0,68.4
eps.32-eps.32.params-bottom_k_sv-None-is_reduced-True-top_k_sv-None,22.522,51.483,57.099999999999994,81.0,77.4
eps.32-eps.32.params-bottom_k_sv-None-is_reduced-False-top_k_sv-None,22.522,51.483,57.099999999999994,81.0,77.4
eps.32-eps.32.params-bottom_k_sv-0-is_reduced-True-top_k_sv-None,22.522,51.483,57.099999999999994,81.0,77.4
eps.32-eps.32.params-bottom_k_sv-0-is_reduced-False-top_k_sv-None,22.522,51.483,57.099999999999994,81.0,77.4
eps.32-eps.32.params-bottom_k_sv-1-is_reduced-True-top_k_sv-None,21.494,50.585,54.900000000000006,76.8,74.7
eps.32-eps.32.params-bottom_k_sv-1-is_reduced-False-top_k_sv-None,21.494,50.585,54.900000000000006,76.8,74.7
eps.32-eps.32.params-bottom_k_sv-2-is_reduced-True-top_k_sv-None,21.201,50.483,54.6,76.7,74.7
eps.32-eps.32.params-bottom_k_sv-2-is_reduced-False-top_k_sv-None,21.201,50.483,54.6,76.7,74.7
eps.32-eps.32.params-bottom_k_sv-3-is_reduced-True-top_k_sv-None,21.023,50.182,54.400000000000006,76.4,74.5
eps.32-eps.32.params-bottom_k_sv-3-is_reduced-False-top_k_sv-None,21.023,50.182,54.400000000000006,76.4,74.5
eps.32-eps.32.params-bottom_k_sv-4-is_reduced-True-top_k_sv-None,20.922,50.091,54.400000000000006,76.0,74.1
eps.32-eps.32.params-bottom_k_sv-4-is_reduced-False-top_k_sv-None,20.922,50.091,54.400000000000006,76.0,74.1
eps.32-eps.32.params-bottom_k_sv-5-is_reduced-True-top_k_sv-None,20.893,50.025,54.400000000000006,76.0,74.0
eps.32-eps.32.params-bottom_k_sv-5-is_reduced-False-top_k_sv-None,20.893,50.025,54.400000000000006,76.0,74.0
eps.32-eps.32.params-bottom_k_sv-7-is_reduced-True-top_k_sv-None,20.475,49.557,53.900000000000006,75.0,73.1
eps.32-eps.32.params-bottom_k_sv-7-is_reduced-False-top_k_sv-None,20.475,49.557,53.900000000000006,75.0,73.1
eps.32-eps.32.params-bottom_k_sv-8-is_reduced-True-top_k_sv-None,20.378,49.481,53.7,74.4,72.5
eps.32-eps.32.params-bottom_k_sv-8-is_reduced-False-top_k_sv-None,20.378,49.481,53.7,74.4,72.5
eps.32-eps.32.params-bottom_k_sv-9-is_reduced-True-top_k_sv-None,20.01,49.219,53.300000000000004,74.1,72.2
eps.32-eps.32.params-bottom_k_sv-9-is_reduced-False-top_k_sv-None,20.01,49.219,53.300000000000004,74.1,72.2
eps.32-eps.32.params-bottom_k_sv-10-is_reduced-True-top_k_sv-None,19.73,49.15,53.300000000000004,73.7,71.8
eps.32-eps.32.params-bottom_k_sv-10-is_reduced-False-top_k_sv-None,19.73,49.15,53.300000000000004,73.7,71.8
eps.32-eps.32.params-bottom_k_sv-20-is_reduced-True-top_k_sv-None,17.368,46.908,49.6,67.2,65.8
eps.32-eps.32.params-bottom_k_sv-20-is_reduced-False-top_k_sv-None,17.368,46.908,49.6,67.2,65.8
eps.32-eps.32.params-bottom_k_sv-100-is_reduced-True-top_k_sv-None,22.522,51.483,57.099999999999994,81.0,77.4
eps.32-eps.32.params-bottom_k_sv-100-is_reduced-False-top_k_sv-None,22.522,51.483,57.099999999999994,81.0,77.4
eps.32-eps.32.params-bottom_k_sv-500-is_reduced-True-top_k_sv-None,22.522,51.483,57.099999999999994,81.0,77.4
eps.32-eps.32.params-bottom_k_sv-500-is_reduced-False-top_k_sv-None,22.522,51.483,57.099999999999994,81.0,77.4
eps.32-eps.32.params-bottom_k_sv-800-is_reduced-True-top_k_sv-None,22.522,51.483,57.099999999999994,81.0,77.4
eps.32-eps.32.params-bottom_k_sv-800-is_reduced-False-top_k_sv-None,22.522,51.483,57.099999999999994,81.0,77.4
eps.32-eps.32.params-bottom_k_sv-1000-is_reduced-True-top_k_sv-None,22.522,51.483,57.099999999999994,81.0,77.4
eps.32-eps.32.params-bottom_k_sv-1000-is_reduced-False-top_k_sv-None,22.522,51.483,57.099999999999994,81.0,77.4
eps.32-eps.64.params-bottom_k_sv-None-is_reduced-True-top_k_sv-None,22.579,51.471,57.099999999999994,81.10000000000001,77.5
eps.32-eps.64.params-bottom_k_sv-None-is_reduced-False-top_k_sv-None,22.579,51.471,57.099999999999994,81.10000000000001,77.5
eps.32-eps.64.params-bottom_k_sv-0-is_reduced-True-top_k_sv-None,22.585,51.474,57.099999999999994,81.10000000000001,77.5
eps.32-eps.64.params-bottom_k_sv-0-is_reduced-False-top_k_sv-None,22.585,51.474,57.099999999999994,81.10000000000001,77.5
eps.32-eps.64.params-bottom_k_sv-1-is_reduced-True-top_k_sv-None,21.037,49.936,53.7,74.2,72.39999999999999
eps.32-eps.64.params-bottom_k_sv-1-is_reduced-False-top_k_sv-None,20.995,49.981,53.7,74.0,72.3
eps.32-eps.64.params-bottom_k_sv-2-is_reduced-True-top_k_sv-None,20.519,49.806,53.5,73.8,72.1
eps.32-eps.64.params-bottom_k_sv-2-is_reduced-False-top_k_sv-None,20.051,49.684,53.400000000000006,73.6,71.89999999999999
eps.32-eps.64.params-bottom_k_sv-3-is_reduced-True-top_k_sv-None,20.209,49.759,53.300000000000004,73.5,71.7
eps.32-eps.64.params-bottom_k_sv-3-is_reduced-False-top_k_sv-None,20.347,49.601,53.300000000000004,73.4,71.6
eps.32-eps.64.params-bottom_k_sv-4-is_reduced-True-top_k_sv-None,19.633,49.365,53.0,73.1,71.39999999999999
eps.32-eps.64.params-bottom_k_sv-4-is_reduced-False-top_k_sv-None,19.704,49.107,52.900000000000006,72.89999999999999,71.2
eps.32-eps.64.params-bottom_k_sv-5-is_reduced-True-top_k_sv-None,19.616,49.098,52.7,72.8,71.0
eps.32-eps.64.params-bottom_k_sv-5-is_reduced-False-top_k_sv-None,19.621,48.992,52.6,72.6,70.8
eps.32-eps.64.params-bottom_k_sv-7-is_reduced-True-top_k_sv-None,19.478,48.777,52.6,72.5,70.7
eps.32-eps.64.params-bottom_k_sv-7-is_reduced-False-top_k_sv-None,19.353,48.686,52.0,71.7,70.0
eps.32-eps.64.params-bottom_k_sv-8-is_reduced-True-top_k_sv-None,19.308,48.608,52.2,72.1,70.39999999999999
eps.32-eps.64.params-bottom_k_sv-8-is_reduced-False-top_k_sv-None,19.228,48.449,52.0,71.3,69.5
eps.32-eps.64.params-bottom_k_sv-9-is_reduced-True-top_k_sv-None,19.134,48.504,52.0,71.89999999999999,70.19999999999999
eps.32-eps.64.params-bottom_k_sv-9-is_reduced-False-top_k_sv-None,19.105,48.456,51.7,71.0,69.39999999999999
eps.32-eps.64.params-bottom_k_sv-10-is_reduced-True-top_k_sv-None,18.745,48.405,51.800000000000004,71.3,69.8
eps.32-eps.64.params-bottom_k_sv-10-is_reduced-False-top_k_sv-None,18.938,48.354,51.6,70.39999999999999,68.89999999999999
eps.32-eps.64.params-bottom_k_sv-20-is_reduced-True-top_k_sv-None,17.721,46.895,49.7,66.9,65.60000000000001
eps.32-eps.64.params-bottom_k_sv-20-is_reduced-False-top_k_sv-None,17.89,47.324,50.0,67.10000000000001,65.9
eps.32-eps.64.params-bottom_k_sv-100-is_reduced-True-top_k_sv-None,22.585,51.474,57.099999999999994,81.10000000000001,77.5
eps.32-eps.64.params-bottom_k_sv-100-is_reduced-False-top_k_sv-None,18.013,46.666,48.9,64.7,64.1
eps.32-eps.64.params-bottom_k_sv-500-is_reduced-True-top_k_sv-None,22.585,51.474,57.099999999999994,81.10000000000001,77.5
eps.32-eps.64.params-bottom_k_sv-500-is_reduced-False-top_k_sv-None,18.013,46.666,48.9,64.7,64.1
eps.32-eps.64.params-bottom_k_sv-800-is_reduced-True-top_k_sv-None,22.585,51.474,57.099999999999994,81.10000000000001,77.5
eps.32-eps.64.params-bottom_k_sv-800-is_reduced-False-top_k_sv-None,18.013,46.666,48.9,64.7,64.1
eps.32-eps.64.params-bottom_k_sv-1000-is_reduced-True-top_k_sv-None,22.585,51.474,57.099999999999994,81.10000000000001,77.5
eps.32-eps.64.params-bottom_k_sv-1000-is_reduced-False-top_k_sv-None,18.013,46.666,48.9,64.7,64.1
eps.32-eps.1024.params-bottom_k_sv-None-is_reduced-True-top_k_sv-None,22.501,51.47,57.199999999999996,81.10000000000001,77.60000000000001
eps.32-eps.1024.params-bottom_k_sv-None-is_reduced-False-top_k_sv-None,22.501,51.47,57.199999999999996,81.10000000000001,77.60000000000001
eps.32-eps.1024.params-bottom_k_sv-0-is_reduced-True-top_k_sv-None,22.501,51.47,57.199999999999996,81.10000000000001,77.60000000000001
eps.32-eps.1024.params-bottom_k_sv-0-is_reduced-False-top_k_sv-None,22.501,51.47,57.199999999999996,81.10000000000001,77.60000000000001
eps.32-eps.1024.params-bottom_k_sv-1-is_reduced-True-top_k_sv-None,20.994,50.121,54.2,74.8,73.1
eps.32-eps.1024.params-bottom_k_sv-1-is_reduced-False-top_k_sv-None,21.065,50.191,54.1,74.7,72.89999999999999
eps.32-eps.1024.params-bottom_k_sv-2-is_reduced-True-top_k_sv-None,20.61,49.861,53.800000000000004,74.6,72.89999999999999
eps.32-eps.1024.params-bottom_k_sv-2-is_reduced-False-top_k_sv-None,20.936,50.192,53.800000000000004,74.4,72.7
eps.32-eps.1024.params-bottom_k_sv-3-is_reduced-True-top_k_sv-None,20.572,50.001,53.800000000000004,74.7,72.8
eps.32-eps.1024.params-bottom_k_sv-3-is_reduced-False-top_k_sv-None,20.401,49.821,53.5,73.9,72.3
eps.32-eps.1024.params-bottom_k_sv-4-is_reduced-True-top_k_sv-None,20.375,49.804,53.800000000000004,74.5,72.7
eps.32-eps.1024.params-bottom_k_sv-4-is_reduced-False-top_k_sv-None,20.069,49.656,53.300000000000004,73.5,72.0
eps.32-eps.1024.params-bottom_k_sv-5-is_reduced-True-top_k_sv-None,20.144,49.546,53.7,74.1,72.2
eps.32-eps.1024.params-bottom_k_sv-5-is_reduced-False-top_k_sv-None,20.053,49.605,53.2,73.5,71.7
eps.32-eps.1024.params-bottom_k_sv-7-is_reduced-True-top_k_sv-None,20.053,49.341,53.300000000000004,73.6,71.6
eps.32-eps.1024.params-bottom_k_sv-7-is_reduced-False-top_k_sv-None,19.98,49.201,52.6,72.7,70.89999999999999
eps.32-eps.1024.params-bottom_k_sv-8-is_reduced-True-top_k_sv-None,19.557,48.997,53.0,73.1,71.3
eps.32-eps.1024.params-bottom_k_sv-8-is_reduced-False-top_k_sv-None,19.815,49.121,52.400000000000006,72.2,70.6
eps.32-eps.1024.params-bottom_k_sv-9-is_reduced-True-top_k_sv-None,19.417,48.96,52.800000000000004,72.8,71.0
eps.32-eps.1024.params-bottom_k_sv-9-is_reduced-False-top_k_sv-None,19.334,48.787,52.2,71.89999999999999,70.39999999999999
eps.32-eps.1024.params-bottom_k_sv-10-is_reduced-True-top_k_sv-None,19.307,48.862,52.6,72.39999999999999,70.6
eps.32-eps.1024.params-bottom_k_sv-10-is_reduced-False-top_k_sv-None,19.167,48.606,52.0,71.39999999999999,69.69999999999999
eps.32-eps.1024.params-bottom_k_sv-20-is_reduced-True-top_k_sv-None,17.485,46.651,49.4,66.8,65.60000000000001
eps.32-eps.1024.params-bottom_k_sv-20-is_reduced-False-top_k_sv-None,17.757,47.002,50.0,66.9,65.9
eps.32-eps.1024.params-bottom_k_sv-100-is_reduced-True-top_k_sv-None,22.501,51.47,57.199999999999996,81.10000000000001,77.60000000000001
eps.32-eps.1024.params-bottom_k_sv-100-is_reduced-False-top_k_sv-None,17.909,46.749,48.9,65.0,64.5
eps.32-eps.1024.params-bottom_k_sv-500-is_reduced-True-top_k_sv-None,22.501,51.47,57.199999999999996,81.10000000000001,77.60000000000001
eps.32-eps.1024.params-bottom_k_sv-500-is_reduced-False-top_k_sv-None,17.909,46.749,48.9,65.0,64.5
eps.32-eps.1024.params-bottom_k_sv-800-is_reduced-True-top_k_sv-None,22.501,51.47,57.199999999999996,81.10000000000001,77.60000000000001
eps.32-eps.1024.params-bottom_k_sv-800-is_reduced-False-top_k_sv-None,17.909,46.749,48.9,65.0,64.5
eps.32-eps.1024.params-bottom_k_sv-1000-is_reduced-True-top_k_sv-None,22.501,51.47,57.199999999999996,81.10000000000001,77.60000000000001
eps.32-eps.1024.params-bottom_k_sv-1000-is_reduced-False-top_k_sv-None,17.909,46.749,48.9,65.0,64.5
eps.64-eps.4.params-bottom_k_sv-None-is_reduced-True-top_k_sv-None,22.85,51.779,57.3,81.3,77.60000000000001
eps.64-eps.4.params-bottom_k_sv-None-is_reduced-False-top_k_sv-None,22.85,51.779,57.3,81.3,77.60000000000001
eps.64-eps.4.params-bottom_k_sv-0-is_reduced-True-top_k_sv-None,22.866,51.786,57.3,81.3,77.60000000000001
eps.64-eps.4.params-bottom_k_sv-0-is_reduced-False-top_k_sv-None,22.866,51.786,57.3,81.3,77.60000000000001
eps.64-eps.4.params-bottom_k_sv-1-is_reduced-True-top_k_sv-None,16.507,45.921,48.199999999999996,64.1,63.4
eps.64-eps.4.params-bottom_k_sv-1-is_reduced-False-top_k_sv-None,18.071,47.237,50.2,67.7,66.5
eps.64-eps.4.params-bottom_k_sv-2-is_reduced-True-top_k_sv-None,16.266,45.559,47.3,62.8,62.2
eps.64-eps.4.params-bottom_k_sv-2-is_reduced-False-top_k_sv-None,17.974,47.485,50.3,67.7,66.3
eps.64-eps.4.params-bottom_k_sv-3-is_reduced-True-top_k_sv-None,16.205,45.312,47.0,61.3,61.1
eps.64-eps.4.params-bottom_k_sv-3-is_reduced-False-top_k_sv-None,17.851,47.366,50.2,67.7,66.5
eps.64-eps.4.params-bottom_k_sv-4-is_reduced-True-top_k_sv-None,22.866,51.786,57.3,81.3,77.60000000000001
eps.64-eps.4.params-bottom_k_sv-4-is_reduced-False-top_k_sv-None,17.809,47.307,50.2,67.4,66.5
eps.64-eps.4.params-bottom_k_sv-5-is_reduced-True-top_k_sv-None,22.866,51.786,57.3,81.3,77.60000000000001
eps.64-eps.4.params-bottom_k_sv-5-is_reduced-False-top_k_sv-None,17.809,47.307,50.2,67.4,66.5
eps.64-eps.4.params-bottom_k_sv-7-is_reduced-True-top_k_sv-None,22.866,51.786,57.3,81.3,77.60000000000001
eps.64-eps.4.params-bottom_k_sv-7-is_reduced-False-top_k_sv-None,17.809,47.307,50.2,67.4,66.5
eps.64-eps.4.params-bottom_k_sv-8-is_reduced-True-top_k_sv-None,22.866,51.786,57.3,81.3,77.60000000000001
eps.64-eps.4.params-bottom_k_sv-8-is_reduced-False-top_k_sv-None,17.809,47.307,50.2,67.4,66.5
eps.64-eps.4.params-bottom_k_sv-9-is_reduced-True-top_k_sv-None,22.866,51.786,57.3,81.3,77.60000000000001
eps.64-eps.4.params-bottom_k_sv-9-is_reduced-False-top_k_sv-None,17.809,47.307,50.2,67.4,66.5
eps.64-eps.4.params-bottom_k_sv-10-is_reduced-True-top_k_sv-None,22.866,51.786,57.3,81.3,77.60000000000001
eps.64-eps.4.params-bottom_k_sv-10-is_reduced-False-top_k_sv-None,17.809,47.307,50.2,67.4,66.5
eps.64-eps.4.params-bottom_k_sv-20-is_reduced-True-top_k_sv-None,22.866,51.786,57.3,81.3,77.60000000000001
eps.64-eps.4.params-bottom_k_sv-20-is_reduced-False-top_k_sv-None,17.809,47.307,50.2,67.4,66.5
eps.64-eps.4.params-bottom_k_sv-100-is_reduced-True-top_k_sv-None,22.866,51.786,57.3,81.3,77.60000000000001
eps.64-eps.4.params-bottom_k_sv-100-is_reduced-False-top_k_sv-None,17.809,47.307,50.2,67.4,66.5
eps.64-eps.4.params-bottom_k_sv-500-is_reduced-True-top_k_sv-None,22.866,51.786,57.3,81.3,77.60000000000001
eps.64-eps.4.params-bottom_k_sv-500-is_reduced-False-top_k_sv-None,17.809,47.307,50.2,67.4,66.5
eps.64-eps.4.params-bottom_k_sv-800-is_reduced-True-top_k_sv-None,22.866,51.786,57.3,81.3,77.60000000000001
eps.64-eps.4.params-bottom_k_sv-800-is_reduced-False-top_k_sv-None,17.809,47.307,50.2,67.4,66.5
eps.64-eps.4.params-bottom_k_sv-1000-is_reduced-True-top_k_sv-None,22.866,51.786,57.3,81.3,77.60000000000001
eps.64-eps.4.params-bottom_k_sv-1000-is_reduced-False-top_k_sv-None,17.809,47.307,50.2,67.4,66.5
eps.64-eps.8.params-bottom_k_sv-None-is_reduced-True-top_k_sv-None,23.161,51.914,57.4,81.6,77.8
eps.64-eps.8.params-bottom_k_sv-None-is_reduced-False-top_k_sv-None,23.161,51.914,57.4,81.6,77.8
eps.64-eps.8.params-bottom_k_sv-0-is_reduced-True-top_k_sv-None,23.162,51.921,57.4,81.6,77.8
eps.64-eps.8.params-bottom_k_sv-0-is_reduced-False-top_k_sv-None,23.162,51.921,57.4,81.6,77.8
eps.64-eps.8.params-bottom_k_sv-1-is_reduced-True-top_k_sv-None,16.478,45.978,48.199999999999996,64.4,63.5
eps.64-eps.8.params-bottom_k_sv-1-is_reduced-False-top_k_sv-None,18.251,47.501,50.5,67.80000000000001,66.60000000000001
eps.64-eps.8.params-bottom_k_sv-2-is_reduced-True-top_k_sv-None,16.813,46.042,48.1,63.3,62.6
eps.64-eps.8.params-bottom_k_sv-2-is_reduced-False-top_k_sv-None,18.057,47.337,50.1,68.0,66.5
eps.64-eps.8.params-bottom_k_sv-3-is_reduced-True-top_k_sv-None,16.623,45.773,47.8,62.9,62.0
eps.64-eps.8.params-bottom_k_sv-3-is_reduced-False-top_k_sv-None,18.08,47.359,50.1,68.0,66.7
eps.64-eps.8.params-bottom_k_sv-4-is_reduced-True-top_k_sv-None,16.245,45.495,47.5,62.8,61.8
eps.64-eps.8.params-bottom_k_sv-4-is_reduced-False-top_k_sv-None,18.15,47.433,50.0,67.80000000000001,66.7
eps.64-eps.8.params-bottom_k_sv-5-is_reduced-True-top_k_sv-None,16.172,45.133,47.099999999999994,61.9,61.1
eps.64-eps.8.params-bottom_k_sv-5-is_reduced-False-top_k_sv-None,18.521,47.583,49.9,67.80000000000001,66.7
eps.64-eps.8.params-bottom_k_sv-7-is_reduced-True-top_k_sv-None,15.784,44.752,46.400000000000006,59.199999999999996,59.199999999999996
eps.64-eps.8.params-bottom_k_sv-7-is_reduced-False-top_k_sv-None,18.544,47.559,50.2,67.9,66.7
eps.64-eps.8.params-bottom_k_sv-8-is_reduced-True-top_k_sv-None,23.162,51.921,57.4,81.6,77.8
eps.64-eps.8.params-bottom_k_sv-8-is_reduced-False-top_k_sv-None,17.846,47.342,50.2,67.80000000000001,66.8
eps.64-eps.8.params-bottom_k_sv-9-is_reduced-True-top_k_sv-None,23.162,51.921,57.4,81.6,77.8
eps.64-eps.8.params-bottom_k_sv-9-is_reduced-False-top_k_sv-None,17.846,47.342,50.2,67.80000000000001,66.8
eps.64-eps.8.params-bottom_k_sv-10-is_reduced-True-top_k_sv-None,23.162,51.921,57.4,81.6,77.8
eps.64-eps.8.params-bottom_k_sv-10-is_reduced-False-top_k_sv-None,17.846,47.342,50.2,67.80000000000001,66.8
eps.64-eps.8.params-bottom_k_sv-20-is_reduced-True-top_k_sv-None,23.162,51.921,57.4,81.6,77.8
eps.64-eps.8.params-bottom_k_sv-20-is_reduced-False-top_k_sv-None,17.846,47.342,50.2,67.80000000000001,66.8
eps.64-eps.8.params-bottom_k_sv-100-is_reduced-True-top_k_sv-None,23.162,51.921,57.4,81.6,77.8
eps.64-eps.8.params-bottom_k_sv-100-is_reduced-False-top_k_sv-None,17.846,47.342,50.2,67.80000000000001,66.8
eps.64-eps.8.params-bottom_k_sv-500-is_reduced-True-top_k_sv-None,23.162,51.921,57.4,81.6,77.8
eps.64-eps.8.params-bottom_k_sv-500-is_reduced-False-top_k_sv-None,17.846,47.342,50.2,67.80000000000001,66.8
eps.64-eps.8.params-bottom_k_sv-800-is_reduced-True-top_k_sv-None,23.162,51.921,57.4,81.6,77.8
eps.64-eps.8.params-bottom_k_sv-800-is_reduced-False-top_k_sv-None,17.846,47.342,50.2,67.80000000000001,66.8
eps.64-eps.8.params-bottom_k_sv-1000-is_reduced-True-top_k_sv-None,23.162,51.921,57.4,81.6,77.8
eps.64-eps.8.params-bottom_k_sv-1000-is_reduced-False-top_k_sv-None,17.846,47.342,50.2,67.80000000000001,66.8
eps.64-eps.16.params-bottom_k_sv-None-is_reduced-True-top_k_sv-None,23.104,52.047,57.699999999999996,81.8,78.10000000000001
eps.64-eps.16.params-bottom_k_sv-None-is_reduced-False-top_k_sv-None,23.104,52.047,57.699999999999996,81.8,78.10000000000001
eps.64-eps.16.params-bottom_k_sv-0-is_reduced-True-top_k_sv-None,23.111,52.053,57.699999999999996,81.8,78.0
eps.64-eps.16.params-bottom_k_sv-0-is_reduced-False-top_k_sv-None,23.111,52.053,57.699999999999996,81.8,78.0
eps.64-eps.16.params-bottom_k_sv-1-is_reduced-True-top_k_sv-None,17.185,46.558,48.9,65.7,64.8
eps.64-eps.16.params-bottom_k_sv-1-is_reduced-False-top_k_sv-None,18.201,47.268,50.5,68.0,67.10000000000001
eps.64-eps.16.params-bottom_k_sv-2-is_reduced-True-top_k_sv-None,17.208,46.58,48.9,65.5,64.5
eps.64-eps.16.params-bottom_k_sv-2-is_reduced-False-top_k_sv-None,17.904,47.517,50.5,68.4,66.9
eps.64-eps.16.params-bottom_k_sv-3-is_reduced-True-top_k_sv-None,17.004,46.209,48.8,64.8,63.800000000000004
eps.64-eps.16.params-bottom_k_sv-3-is_reduced-False-top_k_sv-None,17.893,47.425,50.7,68.7,67.30000000000001
eps.64-eps.16.params-bottom_k_sv-4-is_reduced-True-top_k_sv-None,16.709,45.904,48.0,63.7,63.1
eps.64-eps.16.params-bottom_k_sv-4-is_reduced-False-top_k_sv-None,18.1,47.481,50.7,68.4,67.2
eps.64-eps.16.params-bottom_k_sv-5-is_reduced-True-top_k_sv-None,16.538,45.936,47.9,63.4,62.8
eps.64-eps.16.params-bottom_k_sv-5-is_reduced-False-top_k_sv-None,18.368,47.563,50.4,68.2,66.8
eps.64-eps.16.params-bottom_k_sv-7-is_reduced-True-top_k_sv-None,16.603,45.76,47.699999999999996,62.7,62.1
eps.64-eps.16.params-bottom_k_sv-7-is_reduced-False-top_k_sv-None,18.543,47.768,50.7,68.5,67.30000000000001
eps.64-eps.16.params-bottom_k_sv-8-is_reduced-True-top_k_sv-None,16.141,45.573,47.699999999999996,62.6,61.8
eps.64-eps.16.params-bottom_k_sv-8-is_reduced-False-top_k_sv-None,18.508,47.683,50.6,68.7,67.4
eps.64-eps.16.params-bottom_k_sv-9-is_reduced-True-top_k_sv-None,16.041,45.229,47.099999999999994,61.7,61.1
eps.64-eps.16.params-bottom_k_sv-9-is_reduced-False-top_k_sv-None,18.622,47.826,50.9,68.8,67.4
eps.64-eps.16.params-bottom_k_sv-10-is_reduced-True-top_k_sv-None,15.902,45.082,46.6,61.3,60.5
eps.64-eps.16.params-bottom_k_sv-10-is_reduced-False-top_k_sv-None,18.497,47.725,51.0,69.0,67.7
eps.64-eps.16.params-bottom_k_sv-20-is_reduced-True-top_k_sv-None,23.111,52.053,57.699999999999996,81.8,78.0
eps.64-eps.16.params-bottom_k_sv-20-is_reduced-False-top_k_sv-None,18.502,47.612,50.6,68.60000000000001,67.4
eps.64-eps.16.params-bottom_k_sv-100-is_reduced-True-top_k_sv-None,23.111,52.053,57.699999999999996,81.8,78.0
eps.64-eps.16.params-bottom_k_sv-100-is_reduced-False-top_k_sv-None,18.502,47.612,50.6,68.60000000000001,67.4
eps.64-eps.16.params-bottom_k_sv-500-is_reduced-True-top_k_sv-None,23.111,52.053,57.699999999999996,81.8,78.0
eps.64-eps.16.params-bottom_k_sv-500-is_reduced-False-top_k_sv-None,18.502,47.612,50.6,68.60000000000001,67.4
eps.64-eps.16.params-bottom_k_sv-800-is_reduced-True-top_k_sv-None,23.111,52.053,57.699999999999996,81.8,78.0
eps.64-eps.16.params-bottom_k_sv-800-is_reduced-False-top_k_sv-None,18.502,47.612,50.6,68.60000000000001,67.4
eps.64-eps.16.params-bottom_k_sv-1000-is_reduced-True-top_k_sv-None,23.111,52.053,57.699999999999996,81.8,78.0
eps.64-eps.16.params-bottom_k_sv-1000-is_reduced-False-top_k_sv-None,18.502,47.612,50.6,68.60000000000001,67.4
eps.64-eps.32.params-bottom_k_sv-None-is_reduced-True-top_k_sv-None,23.14,52.019,57.699999999999996,81.89999999999999,78.10000000000001
eps.64-eps.32.params-bottom_k_sv-None-is_reduced-False-top_k_sv-None,23.14,52.019,57.699999999999996,81.89999999999999,78.10000000000001
eps.64-eps.32.params-bottom_k_sv-0-is_reduced-True-top_k_sv-None,23.138,52.022,57.699999999999996,81.89999999999999,78.10000000000001
eps.64-eps.32.params-bottom_k_sv-0-is_reduced-False-top_k_sv-None,23.138,52.022,57.699999999999996,81.89999999999999,78.10000000000001
eps.64-eps.32.params-bottom_k_sv-1-is_reduced-True-top_k_sv-None,18.311,47.709,50.5,68.5,67.10000000000001
eps.64-eps.32.params-bottom_k_sv-1-is_reduced-False-top_k_sv-None,18.905,47.945,51.2,69.69999999999999,68.4
eps.64-eps.32.params-bottom_k_sv-2-is_reduced-True-top_k_sv-None,18.315,47.856,50.5,68.7,67.4
eps.64-eps.32.params-bottom_k_sv-2-is_reduced-False-top_k_sv-None,18.551,47.823,51.2,69.69999999999999,68.2
eps.64-eps.32.params-bottom_k_sv-3-is_reduced-True-top_k_sv-None,18.246,47.603,50.6,68.4,67.2
eps.64-eps.32.params-bottom_k_sv-3-is_reduced-False-top_k_sv-None,18.845,48.173,51.5,70.0,68.5
eps.64-eps.32.params-bottom_k_sv-4-is_reduced-True-top_k_sv-None,18.053,47.493,50.4,68.0,67.0
eps.64-eps.32.params-bottom_k_sv-4-is_reduced-False-top_k_sv-None,18.863,48.148,51.6,70.1,68.7
eps.64-eps.32.params-bottom_k_sv-5-is_reduced-True-top_k_sv-None,17.985,47.38,50.3,67.80000000000001,66.9
eps.64-eps.32.params-bottom_k_sv-5-is_reduced-False-top_k_sv-None,19.092,48.238,51.6,70.19999999999999,68.8
eps.64-eps.32.params-bottom_k_sv-7-is_reduced-True-top_k_sv-None,17.736,46.98,49.6,67.0,66.0
eps.64-eps.32.params-bottom_k_sv-7-is_reduced-False-top_k_sv-None,19.101,48.198,51.7,70.39999999999999,69.1
eps.64-eps.32.params-bottom_k_sv-8-is_reduced-True-top_k_sv-None,17.645,46.945,49.4,66.60000000000001,65.7
eps.64-eps.32.params-bottom_k_sv-8-is_reduced-False-top_k_sv-None,19.075,48.19,51.5,70.19999999999999,68.89999999999999
eps.64-eps.32.params-bottom_k_sv-9-is_reduced-True-top_k_sv-None,17.707,46.936,49.2,66.4,65.60000000000001
eps.64-eps.32.params-bottom_k_sv-9-is_reduced-False-top_k_sv-None,19.289,48.292,51.5,70.19999999999999,68.8
eps.64-eps.32.params-bottom_k_sv-10-is_reduced-True-top_k_sv-None,17.61,46.834,49.2,66.2,65.3
eps.64-eps.32.params-bottom_k_sv-10-is_reduced-False-top_k_sv-None,19.354,48.323,51.5,70.3,68.89999999999999
eps.64-eps.32.params-bottom_k_sv-20-is_reduced-True-top_k_sv-None,16.534,45.609,47.3,62.5,61.8
eps.64-eps.32.params-bottom_k_sv-20-is_reduced-False-top_k_sv-None,18.924,48.335,51.800000000000004,70.7,69.19999999999999
eps.64-eps.32.params-bottom_k_sv-100-is_reduced-True-top_k_sv-None,23.138,52.022,57.699999999999996,81.89999999999999,78.10000000000001
eps.64-eps.32.params-bottom_k_sv-100-is_reduced-False-top_k_sv-None,19.078,48.297,51.7,70.39999999999999,69.1
eps.64-eps.32.params-bottom_k_sv-500-is_reduced-True-top_k_sv-None,23.138,52.022,57.699999999999996,81.89999999999999,78.10000000000001
eps.64-eps.32.params-bottom_k_sv-500-is_reduced-False-top_k_sv-None,19.078,48.297,51.7,70.39999999999999,69.1
eps.64-eps.32.params-bottom_k_sv-800-is_reduced-True-top_k_sv-None,23.138,52.022,57.699999999999996,81.89999999999999,78.10000000000001
eps.64-eps.32.params-bottom_k_sv-800-is_reduced-False-top_k_sv-None,19.078,48.297,51.7,70.39999999999999,69.1
eps.64-eps.32.params-bottom_k_sv-1000-is_reduced-True-top_k_sv-None,23.138,52.022,57.699999999999996,81.89999999999999,78.10000000000001
eps.64-eps.32.params-bottom_k_sv-1000-is_reduced-False-top_k_sv-None,19.078,48.297,51.7,70.39999999999999,69.1
eps.64-eps.64.params-bottom_k_sv-None-is_reduced-True-top_k_sv-None,23.282,52.02,57.699999999999996,81.89999999999999,78.10000000000001
eps.64-eps.64.params-bottom_k_sv-None-is_reduced-False-top_k_sv-None,23.282,52.02,57.699999999999996,81.89999999999999,78.10000000000001
eps.64-eps.64.params-bottom_k_sv-0-is_reduced-True-top_k_sv-None,23.282,52.02,57.699999999999996,81.89999999999999,78.10000000000001
eps.64-eps.64.params-bottom_k_sv-0-is_reduced-False-top_k_sv-None,23.282,52.02,57.699999999999996,81.89999999999999,78.10000000000001
eps.64-eps.64.params-bottom_k_sv-1-is_reduced-True-top_k_sv-None,21.968,50.817,55.2,77.2,75.1
eps.64-eps.64.params-bottom_k_sv-1-is_reduced-False-top_k_sv-None,21.968,50.817,55.2,77.2,75.1
eps.64-eps.64.params-bottom_k_sv-2-is_reduced-True-top_k_sv-None,21.726,50.475,55.1,77.3,75.0
eps.64-eps.64.params-bottom_k_sv-2-is_reduced-False-top_k_sv-None,21.726,50.475,55.1,77.3,75.0
eps.64-eps.64.params-bottom_k_sv-3-is_reduced-True-top_k_sv-None,21.481,50.225,55.00000000000001,77.2,75.0
eps.64-eps.64.params-bottom_k_sv-3-is_reduced-False-top_k_sv-None,21.481,50.225,55.00000000000001,77.2,75.0
eps.64-eps.64.params-bottom_k_sv-4-is_reduced-True-top_k_sv-None,21.327,50.106,54.7,77.0,74.7
eps.64-eps.64.params-bottom_k_sv-4-is_reduced-False-top_k_sv-None,21.327,50.106,54.7,77.0,74.7
eps.64-eps.64.params-bottom_k_sv-5-is_reduced-True-top_k_sv-None,21.067,49.889,54.7,76.8,74.6
eps.64-eps.64.params-bottom_k_sv-5-is_reduced-False-top_k_sv-None,21.067,49.889,54.7,76.8,74.6
eps.64-eps.64.params-bottom_k_sv-7-is_reduced-True-top_k_sv-None,21.021,49.945,54.50000000000001,76.5,74.3
eps.64-eps.64.params-bottom_k_sv-7-is_reduced-False-top_k_sv-None,21.021,49.945,54.50000000000001,76.5,74.3
eps.64-eps.64.params-bottom_k_sv-8-is_reduced-True-top_k_sv-None,21.024,49.954,54.7,76.4,74.1
eps.64-eps.64.params-bottom_k_sv-8-is_reduced-False-top_k_sv-None,21.024,49.954,54.7,76.4,74.1
eps.64-eps.64.params-bottom_k_sv-9-is_reduced-True-top_k_sv-None,20.536,49.695,54.50000000000001,76.2,74.0
eps.64-eps.64.params-bottom_k_sv-9-is_reduced-False-top_k_sv-None,20.536,49.695,54.50000000000001,76.2,74.0
eps.64-eps.64.params-bottom_k_sv-10-is_reduced-True-top_k_sv-None,20.533,49.517,54.1,75.8,73.7
eps.64-eps.64.params-bottom_k_sv-10-is_reduced-False-top_k_sv-None,20.533,49.517,54.1,75.8,73.7
eps.64-eps.64.params-bottom_k_sv-20-is_reduced-True-top_k_sv-None,19.404,48.716,52.800000000000004,73.6,71.7
eps.64-eps.64.params-bottom_k_sv-20-is_reduced-False-top_k_sv-None,19.404,48.716,52.800000000000004,73.6,71.7
eps.64-eps.64.params-bottom_k_sv-100-is_reduced-True-top_k_sv-None,23.282,52.02,57.699999999999996,81.89999999999999,78.10000000000001
eps.64-eps.64.params-bottom_k_sv-100-is_reduced-False-top_k_sv-None,23.282,52.02,57.699999999999996,81.89999999999999,78.10000000000001
eps.64-eps.64.params-bottom_k_sv-500-is_reduced-True-top_k_sv-None,23.282,52.02,57.699999999999996,81.89999999999999,78.10000000000001
eps.64-eps.64.params-bottom_k_sv-500-is_reduced-False-top_k_sv-None,23.282,52.02,57.699999999999996,81.89999999999999,78.10000000000001
eps.64-eps.64.params-bottom_k_sv-800-is_reduced-True-top_k_sv-None,23.282,52.02,57.699999999999996,81.89999999999999,78.10000000000001
eps.64-eps.64.params-bottom_k_sv-800-is_reduced-False-top_k_sv-None,23.282,52.02,57.699999999999996,81.89999999999999,78.10000000000001
eps.64-eps.64.params-bottom_k_sv-1000-is_reduced-True-top_k_sv-None,23.282,52.02,57.699999999999996,81.89999999999999,78.10000000000001
eps.64-eps.64.params-bottom_k_sv-1000-is_reduced-False-top_k_sv-None,23.282,52.02,57.699999999999996,81.89999999999999,78.10000000000001
eps.64-eps.1024.params-bottom_k_sv-None-is_reduced-True-top_k_sv-None,23.196,52.13,57.9,82.0,78.10000000000001
eps.64-eps.1024.params-bottom_k_sv-None-is_reduced-False-top_k_sv-None,23.196,52.13,57.9,82.0,78.10000000000001
eps.64-eps.1024.params-bottom_k_sv-0-is_reduced-True-top_k_sv-None,23.196,52.13,57.9,82.0,78.10000000000001
eps.64-eps.1024.params-bottom_k_sv-0-is_reduced-False-top_k_sv-None,23.196,52.13,57.9,82.0,78.10000000000001
eps.64-eps.1024.params-bottom_k_sv-1-is_reduced-True-top_k_sv-None,21.88,50.779,54.7,75.8,74.2
eps.64-eps.1024.params-bottom_k_sv-1-is_reduced-False-top_k_sv-None,21.948,50.816,54.6,75.6,74.0
eps.64-eps.1024.params-bottom_k_sv-2-is_reduced-True-top_k_sv-None,22.009,50.873,54.6,75.8,74.1
eps.64-eps.1024.params-bottom_k_sv-2-is_reduced-False-top_k_sv-None,21.793,50.74,54.6,75.5,73.9
eps.64-eps.1024.params-bottom_k_sv-3-is_reduced-True-top_k_sv-None,21.663,50.695,54.50000000000001,75.7,74.0
eps.64-eps.1024.params-bottom_k_sv-3-is_reduced-False-top_k_sv-None,21.714,50.591,54.6,75.4,73.9
eps.64-eps.1024.params-bottom_k_sv-4-is_reduced-True-top_k_sv-None,21.476,50.561,54.800000000000004,75.9,74.1
eps.64-eps.1024.params-bottom_k_sv-4-is_reduced-False-top_k_sv-None,21.542,50.537,54.50000000000001,75.3,73.6
eps.64-eps.1024.params-bottom_k_sv-5-is_reduced-True-top_k_sv-None,21.393,50.542,54.6,75.6,73.7
eps.64-eps.1024.params-bottom_k_sv-5-is_reduced-False-top_k_sv-None,21.341,50.299,54.2,75.2,73.5
eps.64-eps.1024.params-bottom_k_sv-7-is_reduced-True-top_k_sv-None,21.134,50.302,54.2,75.4,73.6
eps.64-eps.1024.params-bottom_k_sv-7-is_reduced-False-top_k_sv-None,21.131,50.196,53.900000000000006,74.7,73.0
eps.64-eps.1024.params-bottom_k_sv-8-is_reduced-True-top_k_sv-None,21.039,50.177,53.900000000000006,75.2,73.5
eps.64-eps.1024.params-bottom_k_sv-8-is_reduced-False-top_k_sv-None,20.779,49.932,53.800000000000004,74.3,72.89999999999999
eps.64-eps.1024.params-bottom_k_sv-9-is_reduced-True-top_k_sv-None,20.852,50.182,53.900000000000006,75.2,73.5
eps.64-eps.1024.params-bottom_k_sv-9-is_reduced-False-top_k_sv-None,20.713,49.846,53.5,74.0,72.39999999999999
eps.64-eps.1024.params-bottom_k_sv-10-is_reduced-True-top_k_sv-None,20.985,49.944,53.900000000000006,74.9,73.3
eps.64-eps.1024.params-bottom_k_sv-10-is_reduced-False-top_k_sv-None,20.347,49.668,53.400000000000006,73.9,72.3
eps.64-eps.1024.params-bottom_k_sv-20-is_reduced-True-top_k_sv-None,20.164,48.921,52.800000000000004,73.1,71.3
eps.64-eps.1024.params-bottom_k_sv-20-is_reduced-False-top_k_sv-None,19.298,48.695,52.400000000000006,71.7,70.3
eps.64-eps.1024.params-bottom_k_sv-100-is_reduced-True-top_k_sv-None,23.196,52.13,57.9,82.0,78.10000000000001
eps.64-eps.1024.params-bottom_k_sv-100-is_reduced-False-top_k_sv-None,17.579,45.995,47.9,63.1,62.8
eps.64-eps.1024.params-bottom_k_sv-500-is_reduced-True-top_k_sv-None,23.196,52.13,57.9,82.0,78.10000000000001
eps.64-eps.1024.params-bottom_k_sv-500-is_reduced-False-top_k_sv-None,17.579,45.995,47.9,63.1,62.8
eps.64-eps.1024.params-bottom_k_sv-800-is_reduced-True-top_k_sv-None,23.196,52.13,57.9,82.0,78.10000000000001
eps.64-eps.1024.params-bottom_k_sv-800-is_reduced-False-top_k_sv-None,17.579,45.995,47.9,63.1,62.8
eps.64-eps.1024.params-bottom_k_sv-1000-is_reduced-True-top_k_sv-None,23.196,52.13,57.9,82.0,78.10000000000001
eps.64-eps.1024.params-bottom_k_sv-1000-is_reduced-False-top_k_sv-None,17.579,45.995,47.9,63.1,62.8
eps.1024-eps.4.params-bottom_k_sv-None-is_reduced-True-top_k_sv-None,23.426,52.192,57.99999999999999,83.1,79.0
eps.1024-eps.4.params-bottom_k_sv-None-is_reduced-False-top_k_sv-None,23.426,52.192,57.99999999999999,83.1,79.0
eps.1024-eps.4.params-bottom_k_sv-0-is_reduced-True-top_k_sv-None,23.443,52.196,57.99999999999999,83.1,79.0
eps.1024-eps.4.params-bottom_k_sv-0-is_reduced-False-top_k_sv-None,23.443,52.196,57.99999999999999,83.1,79.0
eps.1024-eps.4.params-bottom_k_sv-1-is_reduced-True-top_k_sv-None,15.874,44.873,47.0,61.3,61.199999999999996
eps.1024-eps.4.params-bottom_k_sv-1-is_reduced-False-top_k_sv-None,18.032,47.422,50.3,67.60000000000001,66.9
eps.1024-eps.4.params-bottom_k_sv-2-is_reduced-True-top_k_sv-None,15.331,44.185,46.2,60.0,60.099999999999994
eps.1024-eps.4.params-bottom_k_sv-2-is_reduced-False-top_k_sv-None,17.55,47.13,50.4,67.80000000000001,66.9
eps.1024-eps.4.params-bottom_k_sv-3-is_reduced-True-top_k_sv-None,15.504,44.536,45.9,59.099999999999994,59.3
eps.1024-eps.4.params-bottom_k_sv-3-is_reduced-False-top_k_sv-None,18.053,47.19,50.5,68.10000000000001,66.9
eps.1024-eps.4.params-bottom_k_sv-4-is_reduced-True-top_k_sv-None,23.443,52.196,57.99999999999999,83.1,79.0
eps.1024-eps.4.params-bottom_k_sv-4-is_reduced-False-top_k_sv-None,18.077,47.225,50.2,67.5,66.60000000000001
eps.1024-eps.4.params-bottom_k_sv-5-is_reduced-True-top_k_sv-None,23.443,52.196,57.99999999999999,83.1,79.0
eps.1024-eps.4.params-bottom_k_sv-5-is_reduced-False-top_k_sv-None,18.077,47.225,50.2,67.5,66.60000000000001
eps.1024-eps.4.params-bottom_k_sv-7-is_reduced-True-top_k_sv-None,23.443,52.196,57.99999999999999,83.1,79.0
eps.1024-eps.4.params-bottom_k_sv-7-is_reduced-False-top_k_sv-None,18.077,47.225,50.2,67.5,66.60000000000001
eps.1024-eps.4.params-bottom_k_sv-8-is_reduced-True-top_k_sv-None,23.443,52.196,57.99999999999999,83.1,79.0
eps.1024-eps.4.params-bottom_k_sv-8-is_reduced-False-top_k_sv-None,18.077,47.225,50.2,67.5,66.60000000000001
eps.1024-eps.4.params-bottom_k_sv-9-is_reduced-True-top_k_sv-None,23.443,52.196,57.99999999999999,83.1,79.0
eps.1024-eps.4.params-bottom_k_sv-9-is_reduced-False-top_k_sv-None,18.077,47.225,50.2,67.5,66.60000000000001
eps.1024-eps.4.params-bottom_k_sv-10-is_reduced-True-top_k_sv-None,23.443,52.196,57.99999999999999,83.1,79.0
eps.1024-eps.4.params-bottom_k_sv-10-is_reduced-False-top_k_sv-None,18.077,47.225,50.2,67.5,66.60000000000001
eps.1024-eps.4.params-bottom_k_sv-20-is_reduced-True-top_k_sv-None,23.443,52.196,57.99999999999999,83.1,79.0
eps.1024-eps.4.params-bottom_k_sv-20-is_reduced-False-top_k_sv-None,18.077,47.225,50.2,67.5,66.60000000000001
eps.1024-eps.4.params-bottom_k_sv-100-is_reduced-True-top_k_sv-None,23.443,52.196,57.99999999999999,83.1,79.0
eps.1024-eps.4.params-bottom_k_sv-100-is_reduced-False-top_k_sv-None,18.077,47.225,50.2,67.5,66.60000000000001
eps.1024-eps.4.params-bottom_k_sv-500-is_reduced-True-top_k_sv-None,23.443,52.196,57.99999999999999,83.1,79.0
eps.1024-eps.4.params-bottom_k_sv-500-is_reduced-False-top_k_sv-None,18.077,47.225,50.2,67.5,66.60000000000001
eps.1024-eps.4.params-bottom_k_sv-800-is_reduced-True-top_k_sv-None,23.443,52.196,57.99999999999999,83.1,79.0
eps.1024-eps.4.params-bottom_k_sv-800-is_reduced-False-top_k_sv-None,18.077,47.225,50.2,67.5,66.60000000000001
eps.1024-eps.4.params-bottom_k_sv-1000-is_reduced-True-top_k_sv-None,23.443,52.196,57.99999999999999,83.1,79.0
eps.1024-eps.4.params-bottom_k_sv-1000-is_reduced-False-top_k_sv-None,18.077,47.225,50.2,67.5,66.60000000000001
eps.1024-eps.8.params-bottom_k_sv-None-is_reduced-True-top_k_sv-None,23.536,52.465,58.4,83.5,79.2
eps.1024-eps.8.params-bottom_k_sv-None-is_reduced-False-top_k_sv-None,23.536,52.465,58.4,83.5,79.2
eps.1024-eps.8.params-bottom_k_sv-0-is_reduced-True-top_k_sv-None,23.517,52.444,58.4,83.5,79.2
eps.1024-eps.8.params-bottom_k_sv-0-is_reduced-False-top_k_sv-None,23.517,52.444,58.4,83.5,79.2
eps.1024-eps.8.params-bottom_k_sv-1-is_reduced-True-top_k_sv-None,16.048,44.819,46.7,61.1,60.8
eps.1024-eps.8.params-bottom_k_sv-1-is_reduced-False-top_k_sv-None,17.623,47.193,50.2,67.60000000000001,66.60000000000001
eps.1024-eps.8.params-bottom_k_sv-2-is_reduced-True-top_k_sv-None,15.586,44.659,46.400000000000006,60.099999999999994,60.099999999999994
eps.1024-eps.8.params-bottom_k_sv-2-is_reduced-False-top_k_sv-None,17.908,47.339,50.0,67.80000000000001,66.9
eps.1024-eps.8.params-bottom_k_sv-3-is_reduced-True-top_k_sv-None,15.672,44.701,45.7,59.4,59.4
eps.1024-eps.8.params-bottom_k_sv-3-is_reduced-False-top_k_sv-None,18.12,47.365,49.8,67.60000000000001,66.60000000000001
eps.1024-eps.8.params-bottom_k_sv-4-is_reduced-True-top_k_sv-None,15.677,44.464,45.9,59.3,59.0
eps.1024-eps.8.params-bottom_k_sv-4-is_reduced-False-top_k_sv-None,18.0,47.25,49.9,67.4,66.4
eps.1024-eps.8.params-bottom_k_sv-5-is_reduced-True-top_k_sv-None,15.073,43.73,45.5,58.599999999999994,58.3
eps.1024-eps.8.params-bottom_k_sv-5-is_reduced-False-top_k_sv-None,18.322,47.405,50.2,67.7,66.5
eps.1024-eps.8.params-bottom_k_sv-7-is_reduced-True-top_k_sv-None,15.169,43.789,45.0,56.599999999999994,56.89999999999999
eps.1024-eps.8.params-bottom_k_sv-7-is_reduced-False-top_k_sv-None,18.316,47.288,49.9,67.60000000000001,66.4
eps.1024-eps.8.params-bottom_k_sv-8-is_reduced-True-top_k_sv-None,23.517,52.444,58.4,83.5,79.2
eps.1024-eps.8.params-bottom_k_sv-8-is_reduced-False-top_k_sv-None,17.966,47.262,50.2,67.7,66.7
eps.1024-eps.8.params-bottom_k_sv-9-is_reduced-True-top_k_sv-None,23.517,52.444,58.4,83.5,79.2
eps.1024-eps.8.params-bottom_k_sv-9-is_reduced-False-top_k_sv-None,17.966,47.262,50.2,67.7,66.7
eps.1024-eps.8.params-bottom_k_sv-10-is_reduced-True-top_k_sv-None,23.517,52.444,58.4,83.5,79.2
eps.1024-eps.8.params-bottom_k_sv-10-is_reduced-False-top_k_sv-None,17.966,47.262,50.2,67.7,66.7
eps.1024-eps.8.params-bottom_k_sv-20-is_reduced-True-top_k_sv-None,23.517,52.444,58.4,83.5,79.2
eps.1024-eps.8.params-bottom_k_sv-20-is_reduced-False-top_k_sv-None,17.966,47.262,50.2,67.7,66.7
eps.1024-eps.8.params-bottom_k_sv-100-is_reduced-True-top_k_sv-None,23.517,52.444,58.4,83.5,79.2
eps.1024-eps.8.params-bottom_k_sv-100-is_reduced-False-top_k_sv-None,17.966,47.262,50.2,67.7,66.7
eps.1024-eps.8.params-bottom_k_sv-500-is_reduced-True-top_k_sv-None,23.517,52.444,58.4,83.5,79.2
eps.1024-eps.8.params-bottom_k_sv-500-is_reduced-False-top_k_sv-None,17.966,47.262,50.2,67.7,66.7
eps.1024-eps.8.params-bottom_k_sv-800-is_reduced-True-top_k_sv-None,23.517,52.444,58.4,83.5,79.2
eps.1024-eps.8.params-bottom_k_sv-800-is_reduced-False-top_k_sv-None,17.966,47.262,50.2,67.7,66.7
eps.1024-eps.8.params-bottom_k_sv-1000-is_reduced-True-top_k_sv-None,23.517,52.444,58.4,83.5,79.2
eps.1024-eps.8.params-bottom_k_sv-1000-is_reduced-False-top_k_sv-None,17.966,47.262,50.2,67.7,66.7
eps.1024-eps.16.params-bottom_k_sv-None-is_reduced-True-top_k_sv-None,23.682,52.634,58.4,83.8,79.4
eps.1024-eps.16.params-bottom_k_sv-None-is_reduced-False-top_k_sv-None,23.682,52.634,58.4,83.8,79.4
eps.1024-eps.16.params-bottom_k_sv-0-is_reduced-True-top_k_sv-None,23.658,52.618,58.4,83.8,79.4
eps.1024-eps.16.params-bottom_k_sv-0-is_reduced-False-top_k_sv-None,23.658,52.618,58.4,83.8,79.4
eps.1024-eps.16.params-bottom_k_sv-1-is_reduced-True-top_k_sv-None,15.801,44.961,47.3,61.4,61.5
eps.1024-eps.16.params-bottom_k_sv-1-is_reduced-False-top_k_sv-None,18.231,47.343,50.1,67.60000000000001,66.5
eps.1024-eps.16.params-bottom_k_sv-2-is_reduced-True-top_k_sv-None,16.066,45.063,46.2,60.4,60.5
eps.1024-eps.16.params-bottom_k_sv-2-is_reduced-False-top_k_sv-None,17.947,47.309,50.3,67.60000000000001,66.8
eps.1024-eps.16.params-bottom_k_sv-3-is_reduced-True-top_k_sv-None,15.468,44.386,45.5,59.199999999999996,59.099999999999994
eps.1024-eps.16.params-bottom_k_sv-3-is_reduced-False-top_k_sv-None,17.909,47.384,50.3,67.60000000000001,66.7
eps.1024-eps.16.params-bottom_k_sv-4-is_reduced-True-top_k_sv-None,15.184,44.225,45.4,58.9,58.8
eps.1024-eps.16.params-bottom_k_sv-4-is_reduced-False-top_k_sv-None,17.505,47.139,50.2,67.5,66.4
eps.1024-eps.16.params-bottom_k_sv-5-is_reduced-True-top_k_sv-None,14.917,43.828,45.4,58.199999999999996,58.199999999999996
eps.1024-eps.16.params-bottom_k_sv-5-is_reduced-False-top_k_sv-None,18.186,47.454,50.4,67.7,66.60000000000001
eps.1024-eps.16.params-bottom_k_sv-7-is_reduced-True-top_k_sv-None,15.003,43.811,45.0,57.3,57.199999999999996
eps.1024-eps.16.params-bottom_k_sv-7-is_reduced-False-top_k_sv-None,17.846,47.222,50.2,67.80000000000001,66.7
eps.1024-eps.16.params-bottom_k_sv-8-is_reduced-True-top_k_sv-None,15.026,43.752,44.5,56.99999999999999,56.8
eps.1024-eps.16.params-bottom_k_sv-8-is_reduced-False-top_k_sv-None,18.079,47.424,50.3,68.0,66.9
eps.1024-eps.16.params-bottom_k_sv-9-is_reduced-True-top_k_sv-None,15.018,43.672,44.5,56.599999999999994,56.599999999999994
eps.1024-eps.16.params-bottom_k_sv-9-is_reduced-False-top_k_sv-None,18.454,47.604,50.4,68.0,66.9
eps.1024-eps.16.params-bottom_k_sv-10-is_reduced-True-top_k_sv-None,14.874,43.563,44.3,56.699999999999996,56.39999999999999
eps.1024-eps.16.params-bottom_k_sv-10-is_reduced-False-top_k_sv-None,18.326,47.578,50.4,67.9,66.9
eps.1024-eps.16.params-bottom_k_sv-20-is_reduced-True-top_k_sv-None,23.658,52.618,58.4,83.8,79.4
eps.1024-eps.16.params-bottom_k_sv-20-is_reduced-False-top_k_sv-None,18.203,47.332,50.5,68.10000000000001,67.0
eps.1024-eps.16.params-bottom_k_sv-100-is_reduced-True-top_k_sv-None,23.658,52.618,58.4,83.8,79.4
eps.1024-eps.16.params-bottom_k_sv-100-is_reduced-False-top_k_sv-None,18.203,47.332,50.5,68.10000000000001,67.0
eps.1024-eps.16.params-bottom_k_sv-500-is_reduced-True-top_k_sv-None,23.658,52.618,58.4,83.8,79.4
eps.1024-eps.16.params-bottom_k_sv-500-is_reduced-False-top_k_sv-None,18.203,47.332,50.5,68.10000000000001,67.0
eps.1024-eps.16.params-bottom_k_sv-800-is_reduced-True-top_k_sv-None,23.658,52.618,58.4,83.8,79.4
eps.1024-eps.16.params-bottom_k_sv-800-is_reduced-False-top_k_sv-None,18.203,47.332,50.5,68.10000000000001,67.0
eps.1024-eps.16.params-bottom_k_sv-1000-is_reduced-True-top_k_sv-None,23.658,52.618,58.4,83.8,79.4
eps.1024-eps.16.params-bottom_k_sv-1000-is_reduced-False-top_k_sv-None,18.203,47.332,50.5,68.10000000000001,67.0
eps.1024-eps.32.params-bottom_k_sv-None-is_reduced-True-top_k_sv-None,23.733,52.76,58.599999999999994,83.89999999999999,79.4
eps.1024-eps.32.params-bottom_k_sv-None-is_reduced-False-top_k_sv-None,23.733,52.76,58.599999999999994,83.89999999999999,79.4
eps.1024-eps.32.params-bottom_k_sv-0-is_reduced-True-top_k_sv-None,23.721,52.751,58.599999999999994,83.89999999999999,79.4
eps.1024-eps.32.params-bottom_k_sv-0-is_reduced-False-top_k_sv-None,23.721,52.751,58.599999999999994,83.89999999999999,79.4
eps.1024-eps.32.params-bottom_k_sv-1-is_reduced-True-top_k_sv-None,16.717,45.846,48.0,62.9,62.6
eps.1024-eps.32.params-bottom_k_sv-1-is_reduced-False-top_k_sv-None,18.191,47.322,50.2,67.80000000000001,66.8
eps.1024-eps.32.params-bottom_k_sv-2-is_reduced-True-top_k_sv-None,16.106,45.175,47.5,62.0,61.9
eps.1024-eps.32.params-bottom_k_sv-2-is_reduced-False-top_k_sv-None,18.236,47.441,50.0,67.80000000000001,66.8
eps.1024-eps.32.params-bottom_k_sv-3-is_reduced-True-top_k_sv-None,16.306,45.273,47.099999999999994,61.1,61.1
eps.1024-eps.32.params-bottom_k_sv-3-is_reduced-False-top_k_sv-None,18.185,47.444,50.1,67.80000000000001,66.7
eps.1024-eps.32.params-bottom_k_sv-4-is_reduced-True-top_k_sv-None,15.564,44.779,46.400000000000006,60.3,59.9
eps.1024-eps.32.params-bottom_k_sv-4-is_reduced-False-top_k_sv-None,17.914,47.215,50.4,68.10000000000001,66.9
eps.1024-eps.32.params-bottom_k_sv-5-is_reduced-True-top_k_sv-None,15.729,44.813,46.1,59.699999999999996,59.5
eps.1024-eps.32.params-bottom_k_sv-5-is_reduced-False-top_k_sv-None,18.243,47.285,50.4,67.80000000000001,66.4
eps.1024-eps.32.params-bottom_k_sv-7-is_reduced-True-top_k_sv-None,15.509,44.588,45.6,58.8,58.9
eps.1024-eps.32.params-bottom_k_sv-7-is_reduced-False-top_k_sv-None,18.089,47.109,50.2,67.7,66.5
eps.1024-eps.32.params-bottom_k_sv-8-is_reduced-True-top_k_sv-None,15.654,44.568,45.4,58.3,58.4
eps.1024-eps.32.params-bottom_k_sv-8-is_reduced-False-top_k_sv-None,18.204,47.178,50.4,67.7,66.5
eps.1024-eps.32.params-bottom_k_sv-9-is_reduced-True-top_k_sv-None,15.871,44.443,45.5,57.8,57.99999999999999
eps.1024-eps.32.params-bottom_k_sv-9-is_reduced-False-top_k_sv-None,18.329,47.208,50.4,67.80000000000001,66.8
eps.1024-eps.32.params-bottom_k_sv-10-is_reduced-True-top_k_sv-None,15.341,44.224,45.300000000000004,57.599999999999994,57.8
eps.1024-eps.32.params-bottom_k_sv-10-is_reduced-False-top_k_sv-None,18.332,47.245,50.3,67.80000000000001,66.8
eps.1024-eps.32.params-bottom_k_sv-20-is_reduced-True-top_k_sv-None,14.528,43.338,43.6,54.6,55.300000000000004
eps.1024-eps.32.params-bottom_k_sv-20-is_reduced-False-top_k_sv-None,18.572,47.498,50.2,67.9,66.7
eps.1024-eps.32.params-bottom_k_sv-100-is_reduced-True-top_k_sv-None,23.721,52.751,58.599999999999994,83.89999999999999,79.4
eps.1024-eps.32.params-bottom_k_sv-100-is_reduced-False-top_k_sv-None,18.589,47.648,50.5,68.10000000000001,67.30000000000001
eps.1024-eps.32.params-bottom_k_sv-500-is_reduced-True-top_k_sv-None,23.721,52.751,58.599999999999994,83.89999999999999,79.4
eps.1024-eps.32.params-bottom_k_sv-500-is_reduced-False-top_k_sv-None,18.589,47.648,50.5,68.10000000000001,67.30000000000001
eps.1024-eps.32.params-bottom_k_sv-800-is_reduced-True-top_k_sv-None,23.721,52.751,58.599999999999994,83.89999999999999,79.4
eps.1024-eps.32.params-bottom_k_sv-800-is_reduced-False-top_k_sv-None,18.589,47.648,50.5,68.10000000000001,67.30000000000001
eps.1024-eps.32.params-bottom_k_sv-1000-is_reduced-True-top_k_sv-None,23.721,52.751,58.599999999999994,83.89999999999999,79.4
eps.1024-eps.32.params-bottom_k_sv-1000-is_reduced-False-top_k_sv-None,18.589,47.648,50.5,68.10000000000001,67.30000000000001
eps.1024-eps.64.params-bottom_k_sv-None-is_reduced-True-top_k_sv-None,24.057,52.786,58.5,84.0,79.60000000000001
eps.1024-eps.64.params-bottom_k_sv-None-is_reduced-False-top_k_sv-None,24.057,52.786,58.5,84.0,79.60000000000001
eps.1024-eps.64.params-bottom_k_sv-0-is_reduced-True-top_k_sv-None,24.073,52.794,58.5,84.0,79.60000000000001
eps.1024-eps.64.params-bottom_k_sv-0-is_reduced-False-top_k_sv-None,24.073,52.794,58.5,84.0,79.60000000000001
eps.1024-eps.64.params-bottom_k_sv-1-is_reduced-True-top_k_sv-None,17.4,46.118,48.8,64.7,64.1
eps.1024-eps.64.params-bottom_k_sv-1-is_reduced-False-top_k_sv-None,18.07,47.309,50.3,67.9,67.0
eps.1024-eps.64.params-bottom_k_sv-2-is_reduced-True-top_k_sv-None,17.385,45.952,48.5,63.9,63.4
eps.1024-eps.64.params-bottom_k_sv-2-is_reduced-False-top_k_sv-None,18.097,47.308,50.3,67.9,67.0
eps.1024-eps.64.params-bottom_k_sv-3-is_reduced-True-top_k_sv-None,16.906,45.705,48.4,63.1,62.8
eps.1024-eps.64.params-bottom_k_sv-3-is_reduced-False-top_k_sv-None,17.864,47.088,50.3,68.0,66.7
eps.1024-eps.64.params-bottom_k_sv-4-is_reduced-True-top_k_sv-None,16.778,45.517,48.1,63.0,62.6
eps.1024-eps.64.params-bottom_k_sv-4-is_reduced-False-top_k_sv-None,17.929,47.215,50.5,68.10000000000001,66.8
eps.1024-eps.64.params-bottom_k_sv-5-is_reduced-True-top_k_sv-None,16.709,45.444,48.1,62.8,62.2
eps.1024-eps.64.params-bottom_k_sv-5-is_reduced-False-top_k_sv-None,18.047,47.285,50.4,67.7,66.60000000000001
eps.1024-eps.64.params-bottom_k_sv-7-is_reduced-True-top_k_sv-None,16.317,45.078,47.199999999999996,61.7,61.3
eps.1024-eps.64.params-bottom_k_sv-7-is_reduced-False-top_k_sv-None,18.226,47.427,50.6,68.10000000000001,67.0
eps.1024-eps.64.params-bottom_k_sv-8-is_reduced-True-top_k_sv-None,16.474,45.013,47.099999999999994,61.5,61.199999999999996
eps.1024-eps.64.params-bottom_k_sv-8-is_reduced-False-top_k_sv-None,18.477,47.531,50.9,68.30000000000001,67.30000000000001
eps.1024-eps.64.params-bottom_k_sv-9-is_reduced-True-top_k_sv-None,16.601,45.069,46.800000000000004,61.199999999999996,60.8
eps.1024-eps.64.params-bottom_k_sv-9-is_reduced-False-top_k_sv-None,18.361,47.424,50.9,68.30000000000001,67.10000000000001
eps.1024-eps.64.params-bottom_k_sv-10-is_reduced-True-top_k_sv-None,16.096,44.792,46.7,60.9,60.6
eps.1024-eps.64.params-bottom_k_sv-10-is_reduced-False-top_k_sv-None,18.424,47.404,50.6,68.2,66.8
eps.1024-eps.64.params-bottom_k_sv-20-is_reduced-True-top_k_sv-None,15.053,43.954,45.1,57.9,57.9
eps.1024-eps.64.params-bottom_k_sv-20-is_reduced-False-top_k_sv-None,18.428,47.572,50.3,68.10000000000001,66.9
eps.1024-eps.64.params-bottom_k_sv-100-is_reduced-True-top_k_sv-None,24.073,52.794,58.5,84.0,79.60000000000001
eps.1024-eps.64.params-bottom_k_sv-100-is_reduced-False-top_k_sv-None,18.077,47.598,50.7,68.5,67.5
eps.1024-eps.64.params-bottom_k_sv-500-is_reduced-True-top_k_sv-None,24.073,52.794,58.5,84.0,79.60000000000001
eps.1024-eps.64.params-bottom_k_sv-500-is_reduced-False-top_k_sv-None,18.077,47.598,50.7,68.5,67.5
eps.1024-eps.64.params-bottom_k_sv-800-is_reduced-True-top_k_sv-None,24.073,52.794,58.5,84.0,79.60000000000001
eps.1024-eps.64.params-bottom_k_sv-800-is_reduced-False-top_k_sv-None,18.077,47.598,50.7,68.5,67.5
eps.1024-eps.64.params-bottom_k_sv-1000-is_reduced-True-top_k_sv-None,24.073,52.794,58.5,84.0,79.60000000000001
eps.1024-eps.64.params-bottom_k_sv-1000-is_reduced-False-top_k_sv-None,18.077,47.598,50.7,68.5,67.5
eps.1024-eps.1024.params-bottom_k_sv-None-is_reduced-True-top_k_sv-None,24.06,52.836,58.8,84.0,79.60000000000001
eps.1024-eps.1024.params-bottom_k_sv-None-is_reduced-False-top_k_sv-None,24.06,52.836,58.8,84.0,79.60000000000001
eps.1024-eps.1024.params-bottom_k_sv-0-is_reduced-True-top_k_sv-None,24.06,52.836,58.8,84.0,79.60000000000001
eps.1024-eps.1024.params-bottom_k_sv-0-is_reduced-False-top_k_sv-None,24.06,52.836,58.8,84.0,79.60000000000001
eps.1024-eps.1024.params-bottom_k_sv-1-is_reduced-True-top_k_sv-None,20.895,50.08,54.400000000000006,76.2,74.1
eps.1024-eps.1024.params-bottom_k_sv-1-is_reduced-False-top_k_sv-None,20.895,50.08,54.400000000000006,76.2,74.1
eps.1024-eps.1024.params-bottom_k_sv-2-is_reduced-True-top_k_sv-None,21.044,50.193,54.800000000000004,76.5,74.4
eps.1024-eps.1024.params-bottom_k_sv-2-is_reduced-False-top_k_sv-None,21.044,50.193,54.800000000000004,76.5,74.4
eps.1024-eps.1024.params-bottom_k_sv-3-is_reduced-True-top_k_sv-None,21.022,50.222,54.7,76.6,74.4
eps.1024-eps.1024.params-bottom_k_sv-3-is_reduced-False-top_k_sv-None,21.022,50.222,54.7,76.6,74.4
eps.1024-eps.1024.params-bottom_k_sv-4-is_reduced-True-top_k_sv-None,20.731,49.948,54.800000000000004,76.5,74.4
eps.1024-eps.1024.params-bottom_k_sv-4-is_reduced-False-top_k_sv-None,20.731,49.948,54.800000000000004,76.5,74.4
eps.1024-eps.1024.params-bottom_k_sv-5-is_reduced-True-top_k_sv-None,20.652,49.871,54.900000000000006,76.6,74.4
eps.1024-eps.1024.params-bottom_k_sv-5-is_reduced-False-top_k_sv-None,20.652,49.871,54.900000000000006,76.6,74.4
eps.1024-eps.1024.params-bottom_k_sv-7-is_reduced-True-top_k_sv-None,20.784,49.858,54.900000000000006,76.6,74.3
eps.1024-eps.1024.params-bottom_k_sv-7-is_reduced-False-top_k_sv-None,20.784,49.858,54.900000000000006,76.6,74.3
eps.1024-eps.1024.params-bottom_k_sv-8-is_reduced-True-top_k_sv-None,20.79,49.8,54.800000000000004,76.5,74.3
eps.1024-eps.1024.params-bottom_k_sv-8-is_reduced-False-top_k_sv-None,20.79,49.8,54.800000000000004,76.5,74.3
eps.1024-eps.1024.params-bottom_k_sv-9-is_reduced-True-top_k_sv-None,20.411,49.673,54.7,76.4,74.2
eps.1024-eps.1024.params-bottom_k_sv-9-is_reduced-False-top_k_sv-None,20.411,49.673,54.7,76.4,74.2
eps.1024-eps.1024.params-bottom_k_sv-10-is_reduced-True-top_k_sv-None,20.73,49.936,54.800000000000004,76.6,74.4
eps.1024-eps.1024.params-bottom_k_sv-10-is_reduced-False-top_k_sv-None,20.73,49.936,54.800000000000004,76.6,74.4
eps.1024-eps.1024.params-bottom_k_sv-20-is_reduced-True-top_k_sv-None,21.068,50.188,54.7,76.7,74.5
eps.1024-eps.1024.params-bottom_k_sv-20-is_reduced-False-top_k_sv-None,21.068,50.188,54.7,76.7,74.5
eps.1024-eps.1024.params-bottom_k_sv-100-is_reduced-True-top_k_sv-None,20.907,50.123,54.900000000000006,76.7,74.5
eps.1024-eps.1024.params-bottom_k_sv-100-is_reduced-False-top_k_sv-None,20.907,50.123,54.900000000000006,76.7,74.5
eps.1024-eps.1024.params-bottom_k_sv-500-is_reduced-True-top_k_sv-None,18.87,47.914,52.400000000000006,72.7,70.8
eps.1024-eps.1024.params-bottom_k_sv-500-is_reduced-False-top_k_sv-None,18.87,47.914,52.400000000000006,72.7,70.8
eps.1024-eps.1024.params-bottom_k_sv-800-is_reduced-True-top_k_sv-None,15.985,44.865,47.199999999999996,62.2,61.5
eps.1024-eps.1024.params-bottom_k_sv-800-is_reduced-False-top_k_sv-None,15.985,44.865,47.199999999999996,62.2,61.5
eps.1024-eps.1024.params-bottom_k_sv-1000-is_reduced-True-top_k_sv-None,11.302,36.085,36.8,43.5,45.9
eps.1024-eps.1024.params-bottom_k_sv-1000-is_reduced-False-top_k_sv-None,11.302,36.085,36.8,43.5,45.9
